{
	"start":	{
		"connected":	[{
				"socket":	5,
				"local_host":	"127.0.0.1",
				"local_port":	46658,
				"remote_host":	"127.0.0.1",
				"remote_port":	4040
			}],
		"version":	"iperf 3.7",
		"system_info":	"Linux sardar 5.8.0-53-generic #60~20.04.1-Ubuntu SMP Thu May 6 09:52:46 UTC 2021 x86_64",
		"timestamp":	{
			"time":	"Sun, 30 May 2021 05:26:32 GMT",
			"timesecs":	1622352392
		},
		"connecting_to":	{
			"host":	"127.0.0.1",
			"port":	4040
		},
		"cookie":	"xvtparjqion7lguuogqcfikvffkhm5ynyxvs",
		"tcp_mss_default":	32741,
		"target_bitrate":	5000000000,
		"sock_bufsize":	0,
		"sndbuf_actual":	16384,
		"rcvbuf_actual":	131072,
		"test_start":	{
			"protocol":	"TCP",
			"num_streams":	1,
			"blksize":	131072,
			"omit":	0,
			"duration":	20,
			"bytes":	0,
			"blocks":	0,
			"reverse":	0,
			"tos":	0
		}
	},
	"intervals":	[{
			"streams":	[{
					"socket":	5,
					"start":	0,
					"end":	1.4152719999999999,
					"seconds":	1.4152719974517822,
					"bytes":	131072,
					"bits_per_second":	740900.69038882724,
					"retransmits":	0,
					"snd_cwnd":	327680,
					"rtt":	560051,
					"rttvar":	308579,
					"pmtu":	65535,
					"omitted":	false,
					"sender":	true
				}],
			"sum":	{
				"start":	0,
				"end":	1.4152719999999999,
				"seconds":	1.4152719974517822,
				"bytes":	131072,
				"bits_per_second":	740900.69038882724,
				"retransmits":	0,
				"omitted":	false,
				"sender":	true
			}
		}, {
			"streams":	[{
					"socket":	5,
					"start":	1.4152719999999999,
					"end":	2.000155,
					"seconds":	0.58488297462463379,
					"bytes":	1572864,
					"bits_per_second":	21513554.926223423,
					"retransmits":	0,
					"snd_cwnd":	327680,
					"rtt":	560051,
					"rttvar":	308579,
					"pmtu":	65535,
					"omitted":	false,
					"sender":	true
				}],
			"sum":	{
				"start":	1.4152719999999999,
				"end":	2.000155,
				"seconds":	0.58488297462463379,
				"bytes":	1572864,
				"bits_per_second":	21513554.926223423,
				"retransmits":	0,
				"omitted":	false,
				"sender":	true
			}
		}, {
			"streams":	[{
					"socket":	5,
					"start":	2.000155,
					"end":	3.000154,
					"seconds":	0.99999898672103882,
					"bytes":	131072,
					"bits_per_second":	1048577.0625010766,
					"retransmits":	0,
					"snd_cwnd":	327680,
					"rtt":	596760,
					"rttvar":	304853,
					"pmtu":	65535,
					"omitted":	false,
					"sender":	true
				}],
			"sum":	{
				"start":	2.000155,
				"end":	3.000154,
				"seconds":	0.99999898672103882,
				"bytes":	131072,
				"bits_per_second":	1048577.0625010766,
				"retransmits":	0,
				"omitted":	false,
				"sender":	true
			}
		}, {
			"streams":	[{
					"socket":	5,
					"start":	3.000154,
					"end":	4.000135,
					"seconds":	0.99998098611831665,
					"bytes":	0,
					"bits_per_second":	0,
					"retransmits":	0,
					"snd_cwnd":	327680,
					"rtt":	655909,
					"rttvar":	346937,
					"pmtu":	65535,
					"omitted":	false,
					"sender":	true
				}],
			"sum":	{
				"start":	3.000154,
				"end":	4.000135,
				"seconds":	0.99998098611831665,
				"bytes":	0,
				"bits_per_second":	0,
				"retransmits":	0,
				"omitted":	false,
				"sender":	true
			}
		}, {
			"streams":	[{
					"socket":	5,
					"start":	4.000135,
					"end":	5.000156,
					"seconds":	1.0000209808349609,
					"bytes":	0,
					"bits_per_second":	0,
					"retransmits":	0,
					"snd_cwnd":	327680,
					"rtt":	699120,
					"rttvar":	346625,
					"pmtu":	65535,
					"omitted":	false,
					"sender":	true
				}],
			"sum":	{
				"start":	4.000135,
				"end":	5.000156,
				"seconds":	1.0000209808349609,
				"bytes":	0,
				"bits_per_second":	0,
				"retransmits":	0,
				"omitted":	false,
				"sender":	true
			}
		}, {
			"streams":	[{
					"socket":	5,
					"start":	5.000156,
					"end":	6.000144,
					"seconds":	0.99998801946640015,
					"bytes":	131072,
					"bits_per_second":	1048588.5626505073,
					"retransmits":	0,
					"snd_cwnd":	654830,
					"rtt":	719327,
					"rttvar":	248471,
					"pmtu":	65535,
					"omitted":	false,
					"sender":	true
				}],
			"sum":	{
				"start":	5.000156,
				"end":	6.000144,
				"seconds":	0.99998801946640015,
				"bytes":	131072,
				"bits_per_second":	1048588.5626505073,
				"retransmits":	0,
				"omitted":	false,
				"sender":	true
			}
		}, {
			"streams":	[{
					"socket":	5,
					"start":	6.000144,
					"end":	7.000189,
					"seconds":	1.0000449419021606,
					"bytes":	262144,
					"bits_per_second":	2097057.7542355838,
					"retransmits":	1,
					"snd_cwnd":	1178694,
					"rtt":	861293,
					"rttvar":	242119,
					"pmtu":	65535,
					"omitted":	false,
					"sender":	true
				}],
			"sum":	{
				"start":	6.000144,
				"end":	7.000189,
				"seconds":	1.0000449419021606,
				"bytes":	262144,
				"bits_per_second":	2097057.7542355838,
				"retransmits":	1,
				"omitted":	false,
				"sender":	true
			}
		}, {
			"streams":	[{
					"socket":	5,
					"start":	7.000189,
					"end":	8.000152,
					"seconds":	0.99996298551559448,
					"bytes":	393216,
					"bits_per_second":	3145844.4418100337,
					"retransmits":	6,
					"snd_cwnd":	1702558,
					"rtt":	845868,
					"rttvar":	103223,
					"pmtu":	65535,
					"omitted":	false,
					"sender":	true
				}],
			"sum":	{
				"start":	7.000189,
				"end":	8.000152,
				"seconds":	0.99996298551559448,
				"bytes":	393216,
				"bits_per_second":	3145844.4418100337,
				"retransmits":	6,
				"omitted":	false,
				"sender":	true
			}
		}, {
			"streams":	[{
					"socket":	5,
					"start":	8.000152,
					"end":	9.00016,
					"seconds":	1.0000079870224,
					"bytes":	3276800,
					"bits_per_second":	26214190.626672268,
					"retransmits":	5,
					"snd_cwnd":	1440626,
					"rtt":	743795,
					"rttvar":	97710,
					"pmtu":	65535,
					"omitted":	false,
					"sender":	true
				}],
			"sum":	{
				"start":	8.000152,
				"end":	9.00016,
				"seconds":	1.0000079870224,
				"bytes":	3276800,
				"bits_per_second":	26214190.626672268,
				"retransmits":	5,
				"omitted":	false,
				"sender":	true
			}
		}, {
			"streams":	[{
					"socket":	5,
					"start":	9.00016,
					"end":	10.000162,
					"seconds":	1.0000020265579224,
					"bytes":	1441792,
					"bits_per_second":	11534312.625047371,
					"retransmits":	1,
					"snd_cwnd":	1506109,
					"rtt":	840938,
					"rttvar":	195569,
					"pmtu":	65535,
					"omitted":	false,
					"sender":	true
				}],
			"sum":	{
				"start":	9.00016,
				"end":	10.000162,
				"seconds":	1.0000020265579224,
				"bytes":	1441792,
				"bits_per_second":	11534312.625047371,
				"retransmits":	1,
				"omitted":	false,
				"sender":	true
			}
		}, {
			"streams":	[{
					"socket":	5,
					"start":	10.000162,
					"end":	11.000157,
					"seconds":	0.99999499320983887,
					"bytes":	1703936,
					"bits_per_second":	13631556.250341715,
					"retransmits":	2,
					"snd_cwnd":	1506109,
					"rtt":	862614,
					"rttvar":	175465,
					"pmtu":	65535,
					"omitted":	false,
					"sender":	true
				}],
			"sum":	{
				"start":	10.000162,
				"end":	11.000157,
				"seconds":	0.99999499320983887,
				"bytes":	1703936,
				"bits_per_second":	13631556.250341715,
				"retransmits":	2,
				"omitted":	false,
				"sender":	true
			}
		}, {
			"streams":	[{
					"socket":	5,
					"start":	11.000157,
					"end":	12.00015,
					"seconds":	0.99999302625656128,
					"bytes":	2228224,
					"bits_per_second":	17825916.313366931,
					"retransmits":	1,
					"snd_cwnd":	1506109,
					"rtt":	880002,
					"rttvar":	150689,
					"pmtu":	65535,
					"omitted":	false,
					"sender":	true
				}],
			"sum":	{
				"start":	11.000157,
				"end":	12.00015,
				"seconds":	0.99999302625656128,
				"bytes":	2228224,
				"bits_per_second":	17825916.313366931,
				"retransmits":	1,
				"omitted":	false,
				"sender":	true
			}
		}, {
			"streams":	[{
					"socket":	5,
					"start":	12.00015,
					"end":	13.000157,
					"seconds":	1.0000070333480835,
					"bytes":	1441792,
					"bits_per_second":	11534254.875570577,
					"retransmits":	1,
					"snd_cwnd":	1506109,
					"rtt":	976783,
					"rttvar":	184037,