{
	"start":	{
		"connected":	[{
				"socket":	5,
				"local_host":	"127.0.0.1",
				"local_port":	4040,
				"remote_host":	"127.0.0.1",
				"remote_port":	46658
			}],
		"version":	"iperf 3.7",
		"system_info":	"Linux sardar 5.8.0-53-generic #60~20.04.1-Ubuntu SMP Thu May 6 09:52:46 UTC 2021 x86_64",
		"target_bitrate":	5000000000,
		"sock_bufsize":	0,
		"sndbuf_actual":	16384,
		"rcvbuf_actual":	131072,
		"timestamp":	{
			"time":	"Sun, 30 May 2021 05:26:34 GMT",
			"timesecs":	1622352394
		},
		"accepted_connection":	{
			"host":	"127.0.0.1",
			"port":	46654
		},
		"cookie":	"xvtparjqion7lguuogqcfikvffkhm5ynyxvs",
		"tcp_mss_default":	0,
		"target_bitrate":	5000000000,
		"test_start":	{
			"protocol":	"TCP",
			"num_streams":	1,
			"blksize":	131072,
			"omit":	0,
			"duration":	20,
			"bytes":	0,
			"blocks":	0,
			"reverse":	0,
			"tos":	0
		}
	},
	"intervals":	[{
			"streams":	[{
					"socket":	5,
					"start":	0,
					"end":	1.001057,
					"seconds":	1.0010570287704468,
					"bytes":	0,
					"bits_per_second":	0,
					"omitted":	false,
					"sender":	false
				}],
			"sum":	{
				"start":	0,
				"end":	1.001057,
				"seconds":	1.0010570287704468,
				"bytes":	0,
				"bits_per_second":	0,
				"omitted":	false,
				"sender":	false
			}
		}, {
			"streams":	[{
					"socket":	5,
					"start":	1.001057,
					"end":	2.001108,
					"seconds":	1.0000510215759277,
					"bytes":	0,
					"bits_per_second":	0,
					"omitted":	false,
					"sender":	false
				}],
			"sum":	{
				"start":	1.001057,
				"end":	2.001108,
				"seconds":	1.0000510215759277,
				"bytes":	0,
				"bits_per_second":	0,
				"omitted":	false,
				"sender":	false
			}
		}, {
			"streams":	[{
					"socket":	5,
					"start":	2.001108,
					"end":	3.000907,
					"seconds":	0.99979901313781738,
					"bytes":	65536,
					"bits_per_second":	524393.39618324814,
					"omitted":	false,
					"sender":	false
				}],
			"sum":	{
				"start":	2.001108,
				"end":	3.000907,
				"seconds":	0.99979901313781738,
				"bytes":	65536,
				"bits_per_second":	524393.39618324814,
				"omitted":	false,
				"sender":	false
			}
		}, {
			"streams":	[{
					"socket":	5,
					"start":	3.000907,
					"end":	4.001024,
					"seconds":	1.0001169443130493,
					"bytes":	32768,
					"bits_per_second":	262113.34733465489,
					"omitted":	false,
					"sender":	false
				}],
			"sum":	{
				"start":	3.000907,
				"end":	4.001024,
				"seconds":	1.0001169443130493,
				"bytes":	32768,
				"bits_per_second":	262113.34733465489,
				"omitted":	false,
				"sender":	false
			}
		}, {
			"streams":	[{
					"socket":	5,
					"start":	4.001024,
					"end":	5.000985,
					"seconds":	0.99996101856231689,
					"bytes":	32768,
					"bits_per_second":	262154.21914835711,
					"omitted":	false,
					"sender":	false
				}],
			"sum":	{
				"start":	4.001024,
				"end":	5.000985,
				"seconds":	0.99996101856231689,
				"bytes":	32768,
				"bits_per_second":	262154.21914835711,
				"omitted":	false,
				"sender":	false
			}
		}, {
			"streams":	[{
					"socket":	5,
					"start":	5.000985,
					"end":	6.000149,
					"seconds":	0.99916398525238037,
					"bytes":	196608,
					"bits_per_second":	1574180.037726948,
					"omitted":	false,
					"sender":	false
				}],
			"sum":	{
				"start":	5.000985,
				"end":	6.000149,
				"seconds":	0.99916398525238037,
				"bytes":	196608,
				"bits_per_second":	1574180.037726948,
				"omitted":	false,
				"sender":	false
			}
		}, {
			"streams":	[{
					"socket":	5,
					"start":	6.000149,
					"end":	7.000186,
					"seconds":	1.0000369548797607,
					"bytes":	294912,
					"bits_per_second":	2359208.8157218844,
					"omitted":	false,
					"sender":	false
				}],
			"sum":	{
				"start":	6.000149,
				"end":	7.000186,
				"seconds":	1.0000369548797607,
				"bytes":	294912,
				"bits_per_second":	2359208.8157218844,
				"omitted":	false,
				"sender":	false
			}
		}, {
			"streams":	[{
					"socket":	5,
					"start":	7.000186,
					"end":	8.000233,
					"seconds":	1.000046968460083,
					"bytes":	622592,
					"bits_per_second":	4980502.0734871682,
					"omitted":	false,
					"sender":	false
				}],
			"sum":	{
				"start":	7.000186,
				"end":	8.000233,
				"seconds":	1.000046968460083,
				"bytes":	622592,
				"bits_per_second":	4980502.0734871682,
				"omitted":	false,
				"sender":	false
			}
		}, {
			"streams":	[{
					"socket":	5,
					"start":	8.000233,
					"end":	9.000096,
					"seconds":	0.99986302852630615,
					"bytes":	2390580,
					"bits_per_second":	19127259.888974719,
					"omitted":	false,
					"sender":	false
				}],
			"sum":	{
				"start":	8.000233,
				"end":	9.000096,
				"seconds":	0.99986302852630615,
				"bytes":	2390580,
				"bits_per_second":	19127259.888974719,
				"omitted":	false,
				"sender":	false
			}
		}, {
			"streams":	[{
					"socket":	5,
					"start":	9.000096,
					"end":	10.000327,
					"seconds":	1.0002310276031494,
					"bytes":	951756,
					"bits_per_second":	7612289.35103675,
					"omitted":	false,
					"sender":	false
				}],
			"sum":	{
				"start":	9.000096,
				"end":	10.000327,
				"seconds":	1.0002310276031494,
				"bytes":	951756,
				"bits_per_second":	7612289.35103675,
				"omitted":	false,
				"sender":	false
			}
		}, {
			"streams":	[{
					"socket":	5,
					"start":	10.000327,
					"end":	11.00036,
					"seconds":	1.0000330209732056,
					"bytes":	1702558,
					"bits_per_second":	13620014.253874263,
					"omitted":	false,
					"sender":	false
				}],
			"sum":	{
				"start":	10.000327,
				"end":	11.00036,
				"seconds":	1.0000330209732056,
				"bytes":	1702558,
				"bits_per_second":	13620014.253874263,
				"omitted":	false,
				"sender":	false
			}
		}, {
			"streams":	[{
					"socket":	5,
					"start":	11.00036,
					"end":	12.000158,
					"seconds":	0.9997979998588562,
					"bytes":	2619320,
					"bits_per_second":	20958793.679281417,
					"omitted":	false,
					"sender":	false
				}],
			"sum":	{
				"start":	11.00036,
				"end":	12.000158,
				"seconds":	0.9997979998588562,
				"bytes":	2619320,
				"bits_per_second":	20958793.679281417,
				"omitted":	false,
				"sender":	false
			}
		}, {
			"streams":	[{
					"socket":	5,
					"start":	12.000158,
					"end":	13.000143,
					"seconds":	0.9999849796295166,
					"bytes":	2160939,
					"bits_per_second":	17287771.668735296,
					"omitted":	false,
					"sender":	false
				}],
			"sum":	{
				"start":	12.000158,
				"end":	13.000143,
				"seconds":	0.9999849796295166,
				"bytes":	2160939,
				"bits_per_second":	17287771.668735296,
				"omitted":	false,
				"sender":	false
			}
		}, {
			"streams":	[{
					"socket":	5,
					"start":	13.000143,
					"end":	14.00016,
					"seconds":	1.0000170469284058,
					"bytes":	1309660,
					"bits_per_second":	10477101.397602575,
					"omitted":	false,
					"sender":	false
				}],
			"sum":	{
				"start":	13.000143,
				"end":	14.00016,
				"seconds":	1.0000170469284058,
				"bytes":	1309660,
				"bits_per_second":	10477101.397602575,
				"omitted":	false,
				"sender":	false
			}
		}, {
			"streams":	[{
					"socket":	5,
					"start":	14.00016,
					"end":	15.000151,
					"seconds":	0.99999099969863892,
					"bytes":	2036545,
					"bits_per_second":	16292506.637469664,
					"omitted":	false,
					"sender":	false
				}],
			"sum":	{
				"start":	14.00016,
				"end":	15.000151,
				"seconds":	0.99999099969863892,
				"bytes":	2036545,
				"bits_per_second":	16292506.637469664,
				"omitted":	false,
				"sender":	false
			}
		}, {
			"streams":	[{
					"socket":	5,
					"start":	15.000151,
					"end":	16.00053,
					"seconds":	1.0003789663314819,
					"bytes":	1047728,
					"bits_per_second":	8378648.7742112614,
					"omitted":	false,
					"sender":	false
				}],
			"sum":	{
				"start":	15.000151,
				"end":	16.00053,
				"seconds":	1.0003789663314819,
				"bytes":	1047728,
				"bits_per_second":	8378648.7742112614,
				"omitted":	false,
				"sender":	false
			}
		}, {
			"streams":	[{
					"socket":	5,
					"start":	16.00053,
					"end":	17.000346,