{
	"start":	{
		"connected":	[{
				"socket":	5,
				"local_host":	"127.0.0.1",
				"local_port":	4040,
				"remote_host":	"127.0.0.1",
				"remote_port":	46592
			}],
		"version":	"iperf 3.7",
		"system_info":	"Linux sardar 5.8.0-53-generic #60~20.04.1-Ubuntu SMP Thu May 6 09:52:46 UTC 2021 x86_64",
		"target_bitrate":	5000000000,
		"sock_bufsize":	0,
		"sndbuf_actual":	16384,
		"rcvbuf_actual":	131072,
		"timestamp":	{
			"time":	"Sun, 30 May 2021 05:24:08 GMT",
			"timesecs":	1622352248
		},
		"accepted_connection":	{
			"host":	"127.0.0.1",
			"port":	46584
		},
		"cookie":	"sfag4axel4j4xvj5rnhb7atzir646kqymn72",
		"tcp_mss_default":	0,
		"target_bitrate":	5000000000,
		"test_start":	{
			"protocol":	"TCP",
			"num_streams":	1,
			"blksize":	131072,
			"omit":	0,
			"duration":	20,
			"bytes":	0,
			"blocks":	0,
			"reverse":	0,
			"tos":	0
		}
	},
	"intervals":	[{
			"streams":	[{
					"socket":	5,
					"start":	0,
					"end":	1.000924,
					"seconds":	1.0009239912033081,
					"bytes":	0,
					"bits_per_second":	0,
					"omitted":	false,
					"sender":	false
				}],
			"sum":	{
				"start":	0,
				"end":	1.000924,
				"seconds":	1.0009239912033081,
				"bytes":	0,
				"bits_per_second":	0,
				"omitted":	false,
				"sender":	false
			}
		}, {
			"streams":	[{
					"socket":	5,
					"start":	1.000924,
					"end":	2.00041,
					"seconds":	0.99948602914810181,
					"bytes":	65536,
					"bits_per_second":	524557.60732030415,
					"omitted":	false,
					"sender":	false
				}],
			"sum":	{
				"start":	1.000924,
				"end":	2.00041,
				"seconds":	0.99948602914810181,
				"bytes":	65536,
				"bits_per_second":	524557.60732030415,
				"omitted":	false,
				"sender":	false
			}
		}, {
			"streams":	[{
					"socket":	5,
					"start":	2.00041,
					"end":	3.000733,
					"seconds":	1.0003230571746826,
					"bytes":	65536,
					"bits_per_second":	524118.6797001377,
					"omitted":	false,
					"sender":	false
				}],
			"sum":	{
				"start":	2.00041,
				"end":	3.000733,
				"seconds":	1.0003230571746826,
				"bytes":	65536,
				"bits_per_second":	524118.6797001377,
				"omitted":	false,
				"sender":	false
			}
		}, {
			"streams":	[{
					"socket":	5,
					"start":	3.000733,
					"end":	4.001071,
					"seconds":	1.0003379583358765,
					"bytes":	65536,
					"bits_per_second":	524110.87236176187,
					"omitted":	false,
					"sender":	false
				}],
			"sum":	{
				"start":	3.000733,
				"end":	4.001071,
				"seconds":	1.0003379583358765,
				"bytes":	65536,
				"bits_per_second":	524110.87236176187,
				"omitted":	false,
				"sender":	false
			}
		}, {
			"streams":	[{
					"socket":	5,
					"start":	4.001071,
					"end":	5.0011,
					"seconds":	1.0000289678573608,
					"bytes":	0,
					"bits_per_second":	0,
					"omitted":	false,
					"sender":	false
				}],
			"sum":	{
				"start":	4.001071,
				"end":	5.0011,
				"seconds":	1.0000289678573608,
				"bytes":	0,
				"bits_per_second":	0,
				"omitted":	false,
				"sender":	false
			}
		}, {
			"streams":	[{
					"socket":	5,
					"start":	5.0011,
					"end":	6.00108,
					"seconds":	0.99997997283935547,
					"bytes":	294912,
					"bits_per_second":	2359343.2509463024,
					"omitted":	false,
					"sender":	false
				}],
			"sum":	{
				"start":	5.0011,
				"end":	6.00108,
				"seconds":	0.99997997283935547,
				"bytes":	294912,
				"bits_per_second":	2359343.2509463024,
				"omitted":	false,
				"sender":	false
			}
		}, {
			"streams":	[{
					"socket":	5,
					"start":	6.00108,
					"end":	7.000848,
					"seconds":	0.99976801872253418,
					"bytes":	622592,
					"bits_per_second":	4981891.7056020619,
					"omitted":	false,
					"sender":	false
				}],
			"sum":	{
				"start":	6.00108,
				"end":	7.000848,
				"seconds":	0.99976801872253418,
				"bytes":	622592,
				"bits_per_second":	4981891.7056020619,
				"omitted":	false,
				"sender":	false
			}
		}, {
			"streams":	[{
					"socket":	5,
					"start":	7.000848,
					"end":	8.0011,
					"seconds":	1.0002520084381104,
					"bytes":	1735856,
					"bits_per_second":	13883349.2788325,
					"omitted":	false,
					"sender":	false
				}],
			"sum":	{
				"start":	7.000848,
				"end":	8.0011,
				"seconds":	1.0002520084381104,
				"bytes":	1735856,
				"bits_per_second":	13883349.2788325,
				"omitted":	false,
				"sender":	false
			}
		}, {
			"streams":	[{
					"socket":	5,
					"start":	8.0011,
					"end":	9.001105,
					"seconds":	1.0000050067901611,
					"bytes":	2325521,
					"bits_per_second":	18604074.853301067,
					"omitted":	false,
					"sender":	false
				}],
			"sum":	{
				"start":	8.0011,
				"end":	9.001105,
				"seconds":	1.0000050067901611,
				"bytes":	2325521,
				"bits_per_second":	18604074.853301067,
				"omitted":	false,
				"sender":	false
			}
		}, {
			"streams":	[{
					"socket":	5,
					"start":	9.001105,
					"end":	10.001033,
					"seconds":	0.99992799758911133,
					"bytes":	2817995,
					"bits_per_second":	22545583.336355109,
					"omitted":	false,
					"sender":	false
				}],
			"sum":	{
				"start":	9.001105,
				"end":	10.001033,
				"seconds":	0.99992799758911133,
				"bytes":	2817995,
				"bits_per_second":	22545583.336355109,
				"omitted":	false,
				"sender":	false
			}
		}, {
			"streams":	[{
					"socket":	5,
					"start":	10.001033,
					"end":	11.001029,
					"seconds":	0.9999960064888,
					"bytes":	2752194,
					"bits_per_second":	22017639.927691646,
					"omitted":	false,
					"sender":	false
				}],
			"sum":	{
				"start":	10.001033,
				"end":	11.001029,
				"seconds":	0.9999960064888,
				"bytes":	2752194,
				"bits_per_second":	22017639.927691646,
				"omitted":	false,
				"sender":	false
			}
		}, {
			"streams":	[{
					"socket":	5,
					"start":	11.001029,
					"end":	12.001057,
					"seconds":	1.0000280141830444,
					"bytes":	2752512,
					"bits_per_second":	22019479.142280765,
					"omitted":	false,
					"sender":	false
				}],
			"sum":	{
				"start":	11.001029,
				"end":	12.001057,
				"seconds":	1.0000280141830444,
				"bytes":	2752512,
				"bits_per_second":	22019479.142280765,
				"omitted":	false,
				"sender":	false
			}
		}, {
			"streams":	[{
					"socket":	5,
					"start":	12.001057,
					"end":	13.001008,
					"seconds":	0.99995100498199463,
					"bytes":	2752512,
					"bits_per_second":	22021174.927862089,
					"omitted":	false,
					"sender":	false
				}],
			"sum":	{
				"start":	12.001057,
				"end":	13.001008,
				"seconds":	0.99995100498199463,
				"bytes":	2752512,
				"bits_per_second":	22021174.927862089,
				"omitted":	false,
				"sender":	false
			}
		}, {
			"streams":	[{
					"socket":	5,
					"start":	13.001008,
					"end":	14.001061,
					"seconds":	1.00005304813385,
					"bytes":	2752512,
					"bits_per_second":	22018927.936963566,
					"omitted":	false,
					"sender":	false
				}],
			"sum":	{
				"start":	13.001008,
				"end":	14.001061,
				"seconds":	1.00005304813385,
				"bytes":	2752512,
				"bits_per_second":	22018927.936963566,
				"omitted":	false,
				"sender":	false
			}
		}, {
			"streams":	[{
					"socket":	5,
					"start":	14.001061,
					"end":	15.000212,
					"seconds":	0.99915099143981934,
					"bytes":	2752512,
					"bits_per_second":	22038807.13591456,
					"omitted":	false,
					"sender":	false
				}],
			"sum":	{
				"start":	14.001061,
				"end":	15.000212,
				"seconds":	0.99915099143981934,
				"bytes":	2752512,
				"bits_per_second":	22038807.13591456,
				"omitted":	false,
				"sender":	false
			}
		}, {
			"streams":	[{
					"socket":	5,
					"start":	15.000212,
					"end":	16.001006,
					"seconds":	1.0007940530776978,
					"bytes":	2752512,
					"bits_per_second":	22002624.748101342,
					"omitted":	false,
					"sender":	false
				}],
			"sum":	{
				"start":	15.000212,
				"end":	16.001006,
				"seconds":	1.0007940530776978,
				"bytes":	2752512,
				"bits_per_second":	22002624.748101342,
				"omitted":	false,
				"sender":	false
			}
		}, {
			"streams":	[{
					"socket":	5,
					"start":	16.001006,
					"end":	17.001062,