{
	"start":	{
		"connected":	[{
				"socket":	5,
				"local_host":	"127.0.0.1",
				"local_port":	46592,
				"remote_host":	"127.0.0.1",
				"remote_port":	4040
			}],
		"version":	"iperf 3.7",
		"system_info":	"Linux sardar 5.8.0-53-generic #60~20.04.1-Ubuntu SMP Thu May 6 09:52:46 UTC 2021 x86_64",
		"timestamp":	{
			"time":	"Sun, 30 May 2021 05:24:06 GMT",
			"timesecs":	1622352246
		},
		"connecting_to":	{
			"host":	"127.0.0.1",
			"port":	4040
		},
		"cookie":	"sfag4axel4j4xvj5rnhb7atzir646kqymn72",
		"tcp_mss_default":	32741,
		"target_bitrate":	5000000000,
		"sock_bufsize":	0,
		"sndbuf_actual":	16384,
		"rcvbuf_actual":	131072,
		"test_start":	{
			"protocol":	"TCP",
			"num_streams":	1,
			"blksize":	131072,
			"omit":	0,
			"duration":	20,
			"bytes":	0,
			"blocks":	0,
			"reverse":	0,
			"tos":	0
		}
	},
	"intervals":	[{
			"streams":	[{
					"socket":	5,
					"start":	0,
					"end":	1.00018,
					"seconds":	1.0001800060272217,
					"bytes":	131072,
					"bits_per_second":	1048387.2839700228,
					"retransmits":	0,
					"snd_cwnd":	327680,
					"rtt":	1000194,
					"rttvar":	375110,
					"pmtu":	65535,
					"omitted":	false,
					"sender":	true
				}],
			"sum":	{
				"start":	0,
				"end":	1.00018,
				"seconds":	1.0001800060272217,
				"bytes":	131072,
				"bits_per_second":	1048387.2839700228,
				"retransmits":	0,
				"omitted":	false,
				"sender":	true
			}
		}, {
			"streams":	[{
					"socket":	5,
					"start":	1.00018,
					"end":	2.000129,
					"seconds":	0.99994897842407227,
					"bytes":	1572864,
					"bits_per_second":	12583554.032757523,
					"retransmits":	0,
					"snd_cwnd":	327680,
					"rtt":	1000194,
					"rttvar":	375110,
					"pmtu":	65535,
					"omitted":	false,
					"sender":	true
				}],
			"sum":	{
				"start":	1.00018,
				"end":	2.000129,
				"seconds":	0.99994897842407227,
				"bytes":	1572864,
				"bits_per_second":	12583554.032757523,
				"retransmits":	0,
				"omitted":	false,
				"sender":	true
			}
		}, {
			"streams":	[{
					"socket":	5,
					"start":	2.000129,
					"end":	3.000139,
					"seconds":	1.0000100135803223,
					"bytes":	131072,
					"bits_per_second":	1048565.5001051415,
					"retransmits":	0,
					"snd_cwnd":	327680,
					"rtt":	1000181,
					"rttvar":	211021,
					"pmtu":	65535,
					"omitted":	false,
					"sender":	true
				}],
			"sum":	{
				"start":	2.000129,
				"end":	3.000139,
				"seconds":	1.0000100135803223,
				"bytes":	131072,
				"bits_per_second":	1048565.5001051415,
				"retransmits":	0,
				"omitted":	false,
				"sender":	true
			}
		}, {
			"streams":	[{
					"socket":	5,
					"start":	3.000139,
					"end":	4.000125,
					"seconds":	0.99998599290847778,
					"bytes":	0,
					"bits_per_second":	0,
					"retransmits":	0,
					"snd_cwnd":	327680,
					"rtt":	1000202,
					"rttvar":	158308,
					"pmtu":	65535,
					"omitted":	false,
					"sender":	true
				}],
			"sum":	{
				"start":	3.000139,
				"end":	4.000125,
				"seconds":	0.99998599290847778,
				"bytes":	0,
				"bits_per_second":	0,
				"retransmits":	0,
				"omitted":	false,
				"sender":	true
			}
		}, {
			"streams":	[{
					"socket":	5,
					"start":	4.000125,
					"end":	5.000154,
					"seconds":	1.0000289678573608,
					"bytes":	131072,
					"bits_per_second":	1048545.6258798732,
					"retransmits":	0,
					"snd_cwnd":	654830,
					"rtt":	1000210,
					"rttvar":	89065,
					"pmtu":	65535,
					"omitted":	false,
					"sender":	true
				}],
			"sum":	{
				"start":	4.000125,
				"end":	5.000154,
				"seconds":	1.0000289678573608,
				"bytes":	131072,
				"bits_per_second":	1048545.6258798732,
				"retransmits":	0,
				"omitted":	false,
				"sender":	true
			}
		}, {
			"streams":	[{
					"socket":	5,
					"start":	5.000154,
					"end":	6.000095,
					"seconds":	0.99994099140167236,
					"bytes":	262144,
					"bits_per_second":	2097275.7573027448,
					"retransmits":	0,
					"snd_cwnd":	1244177,
					"rtt":	1000242,
					"rttvar":	15888,
					"pmtu":	65535,
					"omitted":	false,
					"sender":	true
				}],
			"sum":	{
				"start":	5.000154,
				"end":	6.000095,
				"seconds":	0.99994099140167236,
				"bytes":	262144,
				"bits_per_second":	2097275.7573027448,
				"retransmits":	0,
				"omitted":	false,
				"sender":	true
			}
		}, {
			"streams":	[{
					"socket":	5,
					"start":	6.000095,
					"end":	7.000156,
					"seconds":	1.00006103515625,
					"bytes":	655360,
					"bits_per_second":	5242560.0195300579,
					"retransmits":	0,
					"snd_cwnd":	2488354,
					"rtt":	1000310,
					"rttvar":	1249,
					"pmtu":	65535,
					"omitted":	false,
					"sender":	true
				}],
			"sum":	{
				"start":	6.000095,
				"end":	7.000156,
				"seconds":	1.00006103515625,
				"bytes":	655360,
				"bits_per_second":	5242560.0195300579,
				"retransmits":	0,
				"omitted":	false,
				"sender":	true
			}
		}, {
			"streams":	[{
					"socket":	5,
					"start":	7.000156,
					"end":	8.000146,
					"seconds":	0.99998998641967773,
					"bytes":	2752512,
					"bits_per_second":	22020316.502208017,
					"retransmits":	0,
					"snd_cwnd":	4911225,
					"rtt":	1000385,
					"rttvar":	831,
					"pmtu":	65535,
					"omitted":	false,
					"sender":	true
				}],
			"sum":	{
				"start":	7.000156,
				"end":	8.000146,
				"seconds":	0.99998998641967773,
				"bytes":	2752512,
				"bits_per_second":	22020316.502208017,
				"retransmits":	0,
				"omitted":	false,
				"sender":	true
			}
		}, {
			"streams":	[{
					"socket":	5,
					"start":	8.000146,
					"end":	9.000155,
					"seconds":	1.0000089406967163,
					"bytes":	2359296,
					"bits_per_second":	18874199.251508728,
					"retransmits":	0,
					"snd_cwnd":	5697021,
					"rtt":	1005645,
					"rttvar":	11025,
					"pmtu":	65535,
					"omitted":	false,
					"sender":	true
				}],
			"sum":	{
				"start":	8.000146,
				"end":	9.000155,
				"seconds":	1.0000089406967163,
				"bytes":	2359296,
				"bits_per_second":	18874199.251508728,
				"retransmits":	0,
				"omitted":	false,
				"sender":	true
			}
		}, {
			"streams":	[{
					"socket":	5,
					"start":	9.000155,
					"end":	10.000154,
					"seconds":	0.99999898672103882,
					"bytes":	2752512,
					"bits_per_second":	22020118.312522609,
					"retransmits":	0,
					"snd_cwnd":	6220885,
					"rtt":	1005564,
					"rttvar":	10451,
					"pmtu":	65535,
					"omitted":	false,
					"sender":	true
				}],
			"sum":	{
				"start":	9.000155,
				"end":	10.000154,
				"seconds":	0.99999898672103882,
				"bytes":	2752512,
				"bits_per_second":	22020118.312522609,
				"retransmits":	0,
				"omitted":	false,
				"sender":	true
			}
		}, {
			"streams":	[{
					"socket":	5,
					"start":	10.000154,
					"end":	11.000087,
					"seconds":	0.99993300437927246,
					"bytes":	2752512,
					"bits_per_second":	22021571.348841913,
					"retransmits":	0,
					"snd_cwnd":	6220885,
					"rtt":	1000407,
					"rttvar":	565,
					"pmtu":	65535,
					"omitted":	false,
					"sender":	true
				}],
			"sum":	{
				"start":	10.000154,
				"end":	11.000087,
				"seconds":	0.99993300437927246,
				"bytes":	2752512,
				"bits_per_second":	22021571.348841913,
				"retransmits":	0,
				"omitted":	false,
				"sender":	true
			}
		}, {
			"streams":	[{
					"socket":	5,
					"start":	11.000087,
					"end":	12.000153,
					"seconds":	1.0000660419464111,
					"bytes":	2752512,
					"bits_per_second":	22018641.846035156,
					"retransmits":	0,
					"snd_cwnd":	6220885,
					"rtt":	1000113,
					"rttvar":	38,
					"pmtu":	65535,
					"omitted":	false,
					"sender":	true
				}],
			"sum":	{
				"start":	11.000087,
				"end":	12.000153,
				"seconds":	1.0000660419464111,
				"bytes":	2752512,
				"bits_per_second":	22018641.846035156,
				"retransmits":	0,
				"omitted":	false,
				"sender":	true
			}
		}, {
			"streams":	[{
					"socket":	5,
					"start":	12.000153,
					"end":	13.000151,
					"seconds":	0.99999797344207764,
					"bytes":	2752512,
					"bits_per_second":	22020140.625090435,
					"retransmits":	0,
					"snd_cwnd":	6220885,
					"rtt":	1004726,
					"rttvar":	9131,