{
	"start":	{
		"connected":	[{
				"socket":	5,
				"local_host":	"127.0.0.1",
				"local_port":	46520,
				"remote_host":	"127.0.0.1",
				"remote_port":	4040
			}],
		"version":	"iperf 3.7",
		"system_info":	"Linux sardar 5.8.0-53-generic #60~20.04.1-Ubuntu SMP Thu May 6 09:52:46 UTC 2021 x86_64",
		"timestamp":	{
			"time":	"Sun, 30 May 2021 05:19:46 GMT",
			"timesecs":	1622351986
		},
		"connecting_to":	{
			"host":	"127.0.0.1",
			"port":	4040
		},
		"cookie":	"su4rozixclguyjwdinampa5he52wagnogb6n",
		"tcp_mss_default":	32768,
		"target_bitrate":	5000000000,
		"sock_bufsize":	0,
		"sndbuf_actual":	16384,
		"rcvbuf_actual":	131072,
		"test_start":	{
			"protocol":	"TCP",
			"num_streams":	1,
			"blksize":	131072,
			"omit":	0,
			"duration":	20,
			"bytes":	0,
			"blocks":	0,
			"reverse":	0,
			"tos":	0
		}
	},
	"intervals":	[{
			"streams":	[{
					"socket":	5,
					"start":	0,
					"end":	1.00017,
					"seconds":	1.0001699924468994,
					"bytes":	624558080,
					"bits_per_second":	4995615423.1104574,
					"retransmits":	0,
					"snd_cwnd":	1113211,
					"rtt":	36,
					"rttvar":	15,
					"pmtu":	65535,
					"omitted":	false,
					"sender":	true
				}],
			"sum":	{
				"start":	0,
				"end":	1.00017,
				"seconds":	1.0001699924468994,
				"bytes":	624558080,
				"bits_per_second":	4995615423.1104574,
				"retransmits":	0,
				"omitted":	false,
				"sender":	true
			}
		}, {
			"streams":	[{
					"socket":	5,
					"start":	1.00017,
					"end":	2.000103,
					"seconds":	0.99993300437927246,
					"bytes":	624951296,
					"bits_per_second":	4999945342.4418211,
					"retransmits":	0,
					"snd_cwnd":	1113211,
					"rtt":	27,
					"rttvar":	14,
					"pmtu":	65535,
					"omitted":	false,
					"sender":	true
				}],
			"sum":	{
				"start":	1.00017,
				"end":	2.000103,
				"seconds":	0.99993300437927246,
				"bytes":	624951296,
				"bits_per_second":	4999945342.4418211,
				"retransmits":	0,
				"omitted":	false,
				"sender":	true
			}
		}, {
			"streams":	[{
					"socket":	5,
					"start":	2.000103,
					"end":	3.000155,
					"seconds":	1.0000519752502441,
					"bytes":	625082368,
					"bits_per_second":	5000399047.0082111,
					"retransmits":	0,
					"snd_cwnd":	1113211,
					"rtt":	33,
					"rttvar":	19,
					"pmtu":	65535,
					"omitted":	false,
					"sender":	true
				}],
			"sum":	{
				"start":	2.000103,
				"end":	3.000155,
				"seconds":	1.0000519752502441,
				"bytes":	625082368,
				"bits_per_second":	5000399047.0082111,
				"retransmits":	0,
				"omitted":	false,
				"sender":	true
			}
		}, {
			"streams":	[{
					"socket":	5,
					"start":	3.000155,
					"end":	4.000127,
					"seconds":	0.99997198581695557,
					"bytes":	624951296,
					"bits_per_second":	4999750431.9237766,
					"retransmits":	0,
					"snd_cwnd":	1113211,
					"rtt":	32,
					"rttvar":	16,
					"pmtu":	65535,
					"omitted":	false,
					"sender":	true
				}],
			"sum":	{
				"start":	3.000155,
				"end":	4.000127,
				"seconds":	0.99997198581695557,
				"bytes":	624951296,
				"bits_per_second":	4999750431.9237766,
				"retransmits":	0,
				"omitted":	false,
				"sender":	true
			}
		}, {
			"streams":	[{
					"socket":	5,
					"start":	4.000127,
					"end":	5.000102,
					"seconds":	0.99997502565383911,
					"bytes":	624951296,
					"bits_per_second":	4999735233.1184244,
					"retransmits":	0,
					"snd_cwnd":	1113211,
					"rtt":	35,
					"rttvar":	17,
					"pmtu":	65535,
					"omitted":	false,
					"sender":	true
				}],
			"sum":	{
				"start":	4.000127,
				"end":	5.000102,
				"seconds":	0.99997502565383911,
				"bytes":	624951296,
				"bits_per_second":	4999735233.1184244,
				"retransmits":	0,
				"omitted":	false,
				"sender":	true
			}
		}, {
			"streams":	[{
					"socket":	5,
					"start":	5.000102,
					"end":	6.000102,
					"seconds":	1,
					"bytes":	625082368,
					"bits_per_second":	5000658944,
					"retransmits":	0,
					"snd_cwnd":	1113211,
					"rtt":	31,
					"rttvar":	15,
					"pmtu":	65535,
					"omitted":	false,
					"sender":	true
				}],
			"sum":	{
				"start":	5.000102,
				"end":	6.000102,
				"seconds":	1,
				"bytes":	625082368,
				"bits_per_second":	5000658944,
				"retransmits":	0,
				"omitted":	false,
				"sender":	true
			}
		}, {
			"streams":	[{
					"socket":	5,
					"start":	6.000102,
					"end":	7.000119,
					"seconds":	1.0000170469284058,
					"bytes":	624951296,
					"bits_per_second":	4999525141.4528513,
					"retransmits":	0,
					"snd_cwnd":	1113211,
					"rtt":	29,
					"rttvar":	10,
					"pmtu":	65535,
					"omitted":	false,
					"sender":	true
				}],
			"sum":	{
				"start":	6.000102,
				"end":	7.000119,
				"seconds":	1.0000170469284058,
				"bytes":	624951296,
				"bits_per_second":	4999525141.4528513,
				"retransmits":	0,
				"omitted":	false,
				"sender":	true
			}
		}, {
			"streams":	[{
					"socket":	5,
					"start":	7.000119,
					"end":	8.000143,
					"seconds":	1.0000239610671997,
					"bytes":	624951296,
					"bits_per_second":	4999490574.8703709,
					"retransmits":	0,
					"snd_cwnd":	1113211,
					"rtt":	31,
					"rttvar":	14,
					"pmtu":	65535,
					"omitted":	false,
					"sender":	true
				}],
			"sum":	{
				"start":	7.000119,
				"end":	8.000143,
				"seconds":	1.0000239610671997,
				"bytes":	624951296,
				"bits_per_second":	4999490574.8703709,
				"retransmits":	0,
				"omitted":	false,
				"sender":	true
			}
		}, {
			"streams":	[{
					"socket":	5,
					"start":	8.000143,
					"end":	9.000104,
					"seconds":	0.99996101856231689,
					"bytes":	625082368,
					"bits_per_second":	5000853884.47406,
					"retransmits":	0,
					"snd_cwnd":	1113211,
					"rtt":	32,
					"rttvar":	20,
					"pmtu":	65535,
					"omitted":	false,
					"sender":	true
				}],
			"sum":	{
				"start":	8.000143,
				"end":	9.000104,
				"seconds":	0.99996101856231689,
				"bytes":	625082368,
				"bits_per_second":	5000853884.47406,
				"retransmits":	0,
				"omitted":	false,
				"sender":	true
			}
		}, {
			"streams":	[{
					"socket":	5,
					"start":	9.000104,
					"end":	10.000105,
					"seconds":	1.0000009536743164,
					"bytes":	625082368,
					"bits_per_second":	5000654175.0045481,
					"retransmits":	0,
					"snd_cwnd":	1113211,
					"rtt":	32,
					"rttvar":	17,
					"pmtu":	65535,
					"omitted":	false,
					"sender":	true
				}],
			"sum":	{
				"start":	9.000104,
				"end":	10.000105,
				"seconds":	1.0000009536743164,
				"bytes":	625082368,
				"bits_per_second":	5000654175.0045481,
				"retransmits":	0,
				"omitted":	false,
				"sender":	true
			}
		}, {
			"streams":	[{
					"socket":	5,
					"start":	10.000105,
					"end":	11.000102,
					"seconds":	0.99999701976776123,
					"bytes":	624951296,
					"bits_per_second":	4999625268.0444059,
					"retransmits":	0,
					"snd_cwnd":	1113211,
					"rtt":	38,
					"rttvar":	21,
					"pmtu":	65535,
					"omitted":	false,
					"sender":	true
				}],
			"sum":	{
				"start":	10.000105,
				"end":	11.000102,
				"seconds":	0.99999701976776123,
				"bytes":	624951296,
				"bits_per_second":	4999625268.0444059,
				"retransmits":	0,
				"omitted":	false,
				"sender":	true
			}
		}, {
			"streams":	[{
					"socket":	5,
					"start":	11.000102,
					"end":	12.000127,
					"seconds":	1.0000250339508057,
					"bytes":	624951296,
					"bits_per_second":	4999485211.1331711,
					"retransmits":	0,
					"snd_cwnd":	1113211,
					"rtt":	30,
					"rttvar":	15,
					"pmtu":	65535,
					"omitted":	false,
					"sender":	true
				}],
			"sum":	{
				"start":	11.000102,
				"end":	12.000127,
				"seconds":	1.0000250339508057,
				"bytes":	624951296,
				"bits_per_second":	4999485211.1331711,
				"retransmits":	0,
				"omitted":	false,
				"sender":	true
			}
		}, {
			"streams":	[{
					"socket":	5,
					"start":	12.000127,
					"end":	13.000123,
					"seconds":	0.9999960064888,
					"bytes":	624951296,
					"bits_per_second":	4999630334.0797348,
					"retransmits":	0,
					"snd_cwnd":	1113211,
					"rtt":	30,
					"rttvar":	13,
					"pmtu":	65535,
					"omitted":	false,