{
	"start":	{
		"connected":	[{
				"socket":	5,
				"local_host":	"127.0.0.1",
				"local_port":	43468,
				"remote_host":	"127.0.0.1",
				"remote_port":	4040
			}],
		"version":	"iperf 3.7",
		"system_info":	"Linux sardar 5.8.0-53-generic #60~20.04.1-Ubuntu SMP Thu May 6 09:52:46 UTC 2021 x86_64",
		"timestamp":	{
			"time":	"Sun, 30 May 2021 05:36:16 GMT",
			"timesecs":	1622352976
		},
		"connecting_to":	{
			"host":	"127.0.0.1",
			"port":	4040
		},
		"cookie":	"gvkvbre4uw6w3im5scebm4hqvscm35asafzz",
		"sock_bufsize":	0,
		"sndbuf_actual":	212992,
		"rcvbuf_actual":	212992,
		"test_start":	{
			"protocol":	"UDP",
			"num_streams":	1,
			"blksize":	32768,
			"omit":	0,
			"duration":	20,
			"bytes":	0,
			"blocks":	0,
			"reverse":	0,
			"tos":	0
		}
	},
	"intervals":	[{
			"streams":	[{
					"socket":	5,
					"start":	0,
					"end":	1.000057,
					"seconds":	1.0000569820404053,
					"bytes":	624590848,
					"bits_per_second":	4996442076.5357122,
					"packets":	19061,
					"omitted":	false,
					"sender":	true
				}],
			"sum":	{
				"start":	0,
				"end":	1.000057,
				"seconds":	1.0000569820404053,
				"bytes":	624590848,
				"bits_per_second":	4996442076.5357122,
				"packets":	19061,
				"omitted":	false,
				"sender":	true
			}
		}, {
			"streams":	[{
					"socket":	5,
					"start":	1.000057,
					"end":	2.000101,
					"seconds":	1.0000439882278442,
					"bytes":	624951296,
					"bits_per_second":	4999390453.6736412,
					"packets":	19072,
					"omitted":	false,
					"sender":	true
				}],
			"sum":	{
				"start":	1.000057,
				"end":	2.000101,
				"seconds":	1.0000439882278442,
				"bytes":	624951296,
				"bits_per_second":	4999390453.6736412,
				"packets":	19072,
				"omitted":	false,
				"sender":	true
			}
		}, {
			"streams":	[{
					"socket":	5,
					"start":	2.000101,
					"end":	3.000098,
					"seconds":	0.99999701976776123,
					"bytes":	624984064,
					"bits_per_second":	4999887412.8256578,
					"packets":	19073,
					"omitted":	false,
					"sender":	true
				}],
			"sum":	{
				"start":	2.000101,
				"end":	3.000098,
				"seconds":	0.99999701976776123,
				"bytes":	624984064,
				"bits_per_second":	4999887412.8256578,
				"packets":	19073,
				"omitted":	false,
				"sender":	true
			}
		}, {
			"streams":	[{
					"socket":	5,
					"start":	3.000098,
					"end":	4.0001,
					"seconds":	1.0000020265579224,
					"bytes":	625016832,
					"bits_per_second":	5000124522.9580355,
					"packets":	19074,
					"omitted":	false,
					"sender":	true
				}],
			"sum":	{
				"start":	3.000098,
				"end":	4.0001,
				"seconds":	1.0000020265579224,
				"bytes":	625016832,
				"bits_per_second":	5000124522.9580355,
				"packets":	19074,
				"omitted":	false,
				"sender":	true
			}
		}, {
			"streams":	[{
					"socket":	5,
					"start":	4.0001,
					"end":	5.000104,
					"seconds":	1.0000040531158447,
					"bytes":	624984064,
					"bits_per_second":	4999852247.0196362,
					"packets":	19073,
					"omitted":	false,
					"sender":	true
				}],
			"sum":	{
				"start":	4.0001,
				"end":	5.000104,
				"seconds":	1.0000040531158447,
				"bytes":	624984064,
				"bits_per_second":	4999852247.0196362,
				"packets":	19073,
				"omitted":	false,
				"sender":	true
			}
		}, {
			"streams":	[{
					"socket":	5,
					"start":	5.000104,
					"end":	6.000106,
					"seconds":	1.0000020265579224,
					"bytes":	625016832,
					"bits_per_second":	5000124522.9580355,
					"packets":	19074,
					"omitted":	false,
					"sender":	true
				}],
			"sum":	{
				"start":	5.000104,
				"end":	6.000106,
				"seconds":	1.0000020265579224,
				"bytes":	625016832,
				"bits_per_second":	5000124522.9580355,
				"packets":	19074,
				"omitted":	false,
				"sender":	true
			}
		}, {
			"streams":	[{
					"socket":	5,
					"start":	6.000106,
					"end":	7.0001,
					"seconds":	0.99999397993087769,
					"bytes":	625016832,
					"bits_per_second":	5000164757.3374624,
					"packets":	19074,
					"omitted":	false,
					"sender":	true
				}],
			"sum":	{
				"start":	6.000106,
				"end":	7.0001,
				"seconds":	0.99999397993087769,
				"bytes":	625016832,
				"bits_per_second":	5000164757.3374624,
				"packets":	19074,
				"omitted":	false,
				"sender":	true
			}
		}, {
			"streams":	[{
					"socket":	5,
					"start":	7.0001,
					"end":	8.000057,
					"seconds":	0.99995702505111694,
					"bytes":	624951296,
					"bits_per_second":	4999825235.2339087,
					"packets":	19072,
					"omitted":	false,
					"sender":	true
				}],
			"sum":	{
				"start":	7.0001,
				"end":	8.000057,
				"seconds":	0.99995702505111694,
				"bytes":	624951296,
				"bits_per_second":	4999825235.2339087,
				"packets":	19072,
				"omitted":	false,
				"sender":	true
			}
		}, {
			"streams":	[{
					"socket":	5,
					"start":	8.000057,
					"end":	9.000102,
					"seconds":	1.0000449419021606,
					"bytes":	625016832,
					"bits_per_second":	4999909950.536191,
					"packets":	19074,
					"omitted":	false,
					"sender":	true
				}],
			"sum":	{
				"start":	8.000057,
				"end":	9.000102,
				"seconds":	1.0000449419021606,
				"bytes":	625016832,
				"bits_per_second":	4999909950.536191,
				"packets":	19074,
				"omitted":	false,
				"sender":	true
			}
		}, {
			"streams":	[{
					"socket":	5,
					"start":	9.000102,
					"end":	10.000101,
					"seconds":	0.99999898672103882,
					"bytes":	625016832,
					"bits_per_second":	5000139722.5363836,
					"packets":	19074,
					"omitted":	false,
					"sender":	true
				}],
			"sum":	{
				"start":	9.000102,
				"end":	10.000101,
				"seconds":	0.99999898672103882,
				"bytes":	625016832,
				"bits_per_second":	5000139722.5363836,
				"packets":	19074,
				"omitted":	false,
				"sender":	true
			}
		}, {
			"streams":	[{
					"socket":	5,
					"start":	10.000101,
					"end":	11.000098,
					"seconds":	0.99999701976776123,
					"bytes":	625016832,
					"bits_per_second":	5000149557.6069107,
					"packets":	19074,
					"omitted":	false,
					"sender":	true
				}],
			"sum":	{
				"start":	10.000101,
				"end":	11.000098,
				"seconds":	0.99999701976776123,
				"bytes":	625016832,
				"bits_per_second":	5000149557.6069107,
				"packets":	19074,
				"omitted":	false,
				"sender":	true
			}
		}, {
			"streams":	[{
					"socket":	5,
					"start":	11.000098,
					"end":	12.0001,
					"seconds":	1.0000020265579224,
					"bytes":	624984064,
					"bits_per_second":	4999862379.4892845,
					"packets":	19073,
					"omitted":	false,
					"sender":	true
				}],
			"sum":	{
				"start":	11.000098,
				"end":	12.0001,
				"seconds":	1.0000020265579224,
				"bytes":	624984064,
				"bits_per_second":	4999862379.4892845,
				"packets":	19073,
				"omitted":	false,
				"sender":	true
			}
		}, {
			"streams":	[{
					"socket":	5,
					"start":	12.0001,
					"end":	13.0001,
					"seconds":	1,
					"bytes":	624984064,
					"bits_per_second":	4999872512,
					"packets":	19073,
					"omitted":	false,
					"sender":	true
				}],
			"sum":	{
				"start":	12.0001,
				"end":	13.0001,
				"seconds":	1,
				"bytes":	624984064,
				"bits_per_second":	4999872512,
				"packets":	19073,
				"omitted":	false,
				"sender":	true
			}
		}, {
			"streams":	[{
					"socket":	5,
					"start":	13.0001,
					"end":	14.000099,
					"seconds":	0.99999898672103882,
					"bytes":	625016832,
					"bits_per_second":	5000139722.5363836,
					"packets":	19074,
					"omitted":	false,
					"sender":	true
				}],
			"sum":	{
				"start":	13.0001,
				"end":	14.000099,
				"seconds":	0.99999898672103882,
				"bytes":	625016832,
				"bits_per_second":	5000139722.5363836,
				"packets":	19074,
				"omitted":	false,
				"sender":	true
			}
		}, {
			"streams":	[{
					"socket":	5,
					"start":	14.000099,
					"end":	15.0001,
					"seconds":	1.0000009536743164,
					"bytes":	625016832,
					"bits_per_second":	5000129887.5045471,
					"packets":	19074,
					"omitted":	false,
					"sender":	true
				}],
			"sum":	{
				"start":	14.000099,
				"end":	15.0001,
				"seconds":	1.0000009536743164,
				"bytes":	625016832,