{
	"start":	{
		"connected":	[{
				"socket":	5,
				"local_host":	"127.0.0.1",
				"local_port":	4040,
				"remote_host":	"127.0.0.1",
				"remote_port":	43468
			}],
		"version":	"iperf 3.7",
		"system_info":	"Linux sardar 5.8.0-53-generic #60~20.04.1-Ubuntu SMP Thu May 6 09:52:46 UTC 2021 x86_64",
		"target_bitrate":	5000000000,
		"timestamp":	{
			"time":	"Sun, 30 May 2021 05:36:16 GMT",
			"timesecs":	1622352976
		},
		"accepted_connection":	{
			"host":	"127.0.0.1",
			"port":	46912
		},
		"cookie":	"gvkvbre4uw6w3im5scebm4hqvscm35asafzz",
		"sock_bufsize":	0,
		"sndbuf_actual":	212992,
		"rcvbuf_actual":	212992,
		"test_start":	{
			"protocol":	"UDP",
			"num_streams":	1,
			"blksize":	32768,
			"omit":	0,
			"duration":	20,
			"bytes":	0,
			"blocks":	0,
			"reverse":	0,
			"tos":	0
		}
	},
	"intervals":	[{
			"streams":	[{
					"socket":	5,
					"start":	0,
					"end":	1.000058,
					"seconds":	1.0000580549240112,
					"bytes":	616660992,
					"bits_per_second":	4933001550.9698114,
					"jitter_ms":	0.001242214379756298,
					"lost_packets":	242,
					"packets":	19061,
					"lost_percent":	1.2696081003095325,
					"omitted":	false,
					"sender":	false
				}],
			"sum":	{
				"start":	0,
				"end":	1.000058,
				"seconds":	1.0000580549240112,
				"bytes":	616660992,
				"bits_per_second":	4933001550.9698114,
				"jitter_ms":	0.001242214379756298,
				"lost_packets":	242,
				"packets":	19061,
				"lost_percent":	1.2696081003095325,
				"omitted":	false,
				"sender":	false
			}
		}, {
			"streams":	[{
					"socket":	5,
					"start":	1.000058,
					"end":	2.000061,
					"seconds":	1.0000029802322388,
					"bytes":	581206016,
					"bits_per_second":	4649634271.010047,
					"jitter_ms":	0.002791881654945413,
					"lost_packets":	1335,
					"packets":	19072,
					"lost_percent":	6.9997902684563762,
					"omitted":	false,
					"sender":	false
				}],
			"sum":	{
				"start":	1.000058,
				"end":	2.000061,
				"seconds":	1.0000029802322388,
				"bytes":	581206016,
				"bits_per_second":	4649634271.010047,
				"jitter_ms":	0.002791881654945413,
				"lost_packets":	1335,
				"packets":	19072,
				"lost_percent":	6.9997902684563762,
				"omitted":	false,
				"sender":	false
			}
		}, {
			"streams":	[{
					"socket":	5,
					"start":	2.000061,
					"end":	3.000057,
					"seconds":	0.9999960064888,
					"bytes":	581664768,
					"bits_per_second":	4653336727.1523371,
					"jitter_ms":	0.0048645388643202862,
					"lost_packets":	1322,
					"packets":	19073,
					"lost_percent":	6.9312640905992762,
					"omitted":	false,
					"sender":	false
				}],
			"sum":	{
				"start":	2.000061,
				"end":	3.000057,
				"seconds":	0.9999960064888,
				"bytes":	581664768,
				"bits_per_second":	4653336727.1523371,
				"jitter_ms":	0.0048645388643202862,
				"lost_packets":	1322,
				"packets":	19073,
				"lost_percent":	6.9312640905992762,
				"omitted":	false,
				"sender":	false
			}
		}, {
			"streams":	[{
					"socket":	5,
					"start":	3.000057,
					"end":	4.000127,
					"seconds":	1.0000699758529663,
					"bytes":	568918016,
					"bits_per_second":	4551025666.0971432,
					"jitter_ms":	0.0021285050447692731,
					"lost_packets":	1713,
					"packets":	19075,
					"lost_percent":	8.980340760157274,
					"omitted":	false,
					"sender":	false
				}],
			"sum":	{
				"start":	3.000057,
				"end":	4.000127,
				"seconds":	1.0000699758529663,
				"bytes":	568918016,
				"bits_per_second":	4551025666.0971432,
				"jitter_ms":	0.0021285050447692731,
				"lost_packets":	1713,
				"packets":	19075,
				"lost_percent":	8.980340760157274,
				"omitted":	false,
				"sender":	false
			}
		}, {
			"streams":	[{
					"socket":	5,
					"start":	4.000127,
					"end":	5.000112,
					"seconds":	0.9999849796295166,
					"bytes":	577732608,
					"bits_per_second":	4621930287.1052608,
					"jitter_ms":	0.003054213809392207,
					"lost_packets":	1441,
					"packets":	19072,
					"lost_percent":	7.5555788590604029,
					"omitted":	false,
					"sender":	false
				}],
			"sum":	{
				"start":	4.000127,
				"end":	5.000112,
				"seconds":	0.9999849796295166,
				"bytes":	577732608,
				"bits_per_second":	4621930287.1052608,
				"jitter_ms":	0.003054213809392207,
				"lost_packets":	1441,
				"packets":	19072,
				"lost_percent":	7.5555788590604029,
				"omitted":	false,
				"sender":	false
			}
		}, {
			"streams":	[{
					"socket":	5,
					"start":	5.000112,
					"end":	6.000152,
					"seconds":	1.0000400543212891,
					"bytes":	609517568,
					"bits_per_second":	4875945241.3227158,
					"jitter_ms":	0.0022385967299499944,
					"lost_packets":	474,
					"packets":	19075,
					"lost_percent":	2.4849279161205766,
					"omitted":	false,
					"sender":	false
				}],
			"sum":	{
				"start":	5.000112,
				"end":	6.000152,
				"seconds":	1.0000400543212891,
				"bytes":	609517568,
				"bits_per_second":	4875945241.3227158,
				"jitter_ms":	0.0022385967299499944,
				"lost_packets":	474,
				"packets":	19075,
				"lost_percent":	2.4849279161205766,
				"omitted":	false,
				"sender":	false
			}
		}, {
			"streams":	[{
					"socket":	5,
					"start":	6.000152,
					"end":	7.000059,
					"seconds":	0.99990701675415039,
					"bytes":	623214592,
					"bits_per_second":	4986180367.2349367,
					"jitter_ms":	0.0019786331626467047,
					"lost_packets":	54,
					"packets":	19073,
					"lost_percent":	0.28312273895034867,
					"omitted":	false,
					"sender":	false
				}],
			"sum":	{
				"start":	6.000152,
				"end":	7.000059,
				"seconds":	0.99990701675415039,
				"bytes":	623214592,
				"bits_per_second":	4986180367.2349367,
				"jitter_ms":	0.0019786331626467047,
				"lost_packets":	54,
				"packets":	19073,
				"lost_percent":	0.28312273895034867,
				"omitted":	false,
				"sender":	false
			}
		}, {
			"streams":	[{
					"socket":	5,
					"start":	7.000059,
					"end":	8.00006,
					"seconds":	1.0000009536743164,
					"bytes":	617938944,
					"bits_per_second":	4943506837.5044956,
					"jitter_ms":	0.001032425193876661,
					"lost_packets":	214,
					"packets":	19072,
					"lost_percent":	1.1220637583892616,
					"omitted":	false,
					"sender":	false
				}],
			"sum":	{
				"start":	7.000059,
				"end":	8.00006,
				"seconds":	1.0000009536743164,
				"bytes":	617938944,
				"bits_per_second":	4943506837.5044956,
				"jitter_ms":	0.001032425193876661,
				"lost_packets":	214,
				"packets":	19072,
				"lost_percent":	1.1220637583892616,
				"omitted":	false,
				"sender":	false
			}
		}, {
			"streams":	[{
					"socket":	5,
					"start":	8.00006,
					"end":	9.000119,
					"seconds":	1.0000590085983276,
					"bytes":	585990144,
					"bits_per_second":	4687644540.6661968,
					"jitter_ms":	0.0043013384551919068,
					"lost_packets":	1191,
					"packets":	19074,
					"lost_percent":	6.2441019188424036,
					"omitted":	false,
					"sender":	false
				}],
			"sum":	{
				"start":	8.00006,
				"end":	9.000119,
				"seconds":	1.0000590085983276,
				"bytes":	585990144,
				"bits_per_second":	4687644540.6661968,
				"jitter_ms":	0.0043013384551919068,
				"lost_packets":	1191,
				"packets":	19074,
				"lost_percent":	6.2441019188424036,
				"omitted":	false,
				"sender":	false
			}
		}, {
			"streams":	[{
					"socket":	5,
					"start":	9.000119,
					"end":	10.000057,
					"seconds":	0.99993801116943359,
					"bytes":	615776256,
					"bits_per_second":	4926515436.9307022,
					"jitter_ms":	0.0030825345699739769,
					"lost_packets":	282,
					"packets":	19074,
					"lost_percent":	1.4784523435042467,
					"omitted":	false,
					"sender":	false
				}],
			"sum":	{
				"start":	9.000119,
				"end":	10.000057,
				"seconds":	0.99993801116943359,
				"bytes":	615776256,
				"bits_per_second":	4926515436.9307022,
				"jitter_ms":	0.0030825345699739769,
				"lost_packets":	282,
				"packets":	19074,
				"lost_percent":	1.4784523435042467,
				"omitted":	false,
				"sender":	false
			}
		}, {
			"streams":	[{
					"socket":	5,
					"start":	10.000057,
					"end":	11.000059,