{
	"start":	{
		"connected":	[{
				"socket":	5,
				"local_host":	"127.0.0.1",
				"local_port":	4040,
				"remote_host":	"127.0.0.1",
				"remote_port":	46520
			}],
		"version":	"iperf 3.7",
		"system_info":	"Linux sardar 5.8.0-53-generic #60~20.04.1-Ubuntu SMP Thu May 6 09:52:46 UTC 2021 x86_64",
		"target_bitrate":	5000000000,
		"sock_bufsize":	0,
		"sndbuf_actual":	16384,
		"rcvbuf_actual":	131072,
		"timestamp":	{
			"time":	"Sun, 30 May 2021 05:19:46 GMT",
			"timesecs":	1622351986
		},
		"accepted_connection":	{
			"host":	"127.0.0.1",
			"port":	46518
		},
		"cookie":	"su4rozixclguyjwdinampa5he52wagnogb6n",
		"tcp_mss_default":	0,
		"target_bitrate":	5000000000,
		"test_start":	{
			"protocol":	"TCP",
			"num_streams":	1,
			"blksize":	131072,
			"omit":	0,
			"duration":	20,
			"bytes":	0,
			"blocks":	0,
			"reverse":	0,
			"tos":	0
		}
	},
	"intervals":	[{
			"streams":	[{
					"socket":	5,
					"start":	0,
					"end":	1.000174,
					"seconds":	1.0001740455627441,
					"bytes":	624558080,
					"bits_per_second":	4995595178.8258591,
					"omitted":	false,
					"sender":	false
				}],
			"sum":	{
				"start":	0,
				"end":	1.000174,
				"seconds":	1.0001740455627441,
				"bytes":	624558080,
				"bits_per_second":	4995595178.8258591,
				"omitted":	false,
				"sender":	false
			}
		}, {
			"streams":	[{
					"socket":	5,
					"start":	1.000174,
					"end":	2.000146,
					"seconds":	0.99997198581695557,
					"bytes":	624951296,
					"bits_per_second":	4999750431.9237766,
					"omitted":	false,
					"sender":	false
				}],
			"sum":	{
				"start":	1.000174,
				"end":	2.000146,
				"seconds":	0.99997198581695557,
				"bytes":	624951296,
				"bits_per_second":	4999750431.9237766,
				"omitted":	false,
				"sender":	false
			}
		}, {
			"streams":	[{
					"socket":	5,
					"start":	2.000146,
					"end":	3.000147,
					"seconds":	1.0000009536743164,
					"bytes":	625082368,
					"bits_per_second":	5000654175.0045481,
					"omitted":	false,
					"sender":	false
				}],
			"sum":	{
				"start":	2.000146,
				"end":	3.000147,
				"seconds":	1.0000009536743164,
				"bytes":	625082368,
				"bits_per_second":	5000654175.0045481,
				"omitted":	false,
				"sender":	false
			}
		}, {
			"streams":	[{
					"socket":	5,
					"start":	3.000147,
					"end":	4.000133,
					"seconds":	0.99998599290847778,
					"bytes":	624951296,
					"bits_per_second":	4999680398.98093,
					"omitted":	false,
					"sender":	false
				}],
			"sum":	{
				"start":	3.000147,
				"end":	4.000133,
				"seconds":	0.99998599290847778,
				"bytes":	624951296,
				"bits_per_second":	4999680398.98093,
				"omitted":	false,
				"sender":	false
			}
		}, {
			"streams":	[{
					"socket":	5,
					"start":	4.000133,
					"end":	5.000124,
					"seconds":	0.99999099969863892,
					"bytes":	624951296,
					"bits_per_second":	4999655366.4049988,
					"omitted":	false,
					"sender":	false
				}],
			"sum":	{
				"start":	4.000133,
				"end":	5.000124,
				"seconds":	0.99999099969863892,
				"bytes":	624951296,
				"bits_per_second":	4999655366.4049988,
				"omitted":	false,
				"sender":	false
			}
		}, {
			"streams":	[{
					"socket":	5,
					"start":	5.000124,
					"end":	6.000145,
					"seconds":	1.0000209808349609,
					"bytes":	625082368,
					"bits_per_second":	5000554028.2012215,
					"omitted":	false,
					"sender":	false
				}],
			"sum":	{
				"start":	5.000124,
				"end":	6.000145,
				"seconds":	1.0000209808349609,
				"bytes":	625082368,
				"bits_per_second":	5000554028.2012215,
				"omitted":	false,
				"sender":	false
			}
		}, {
			"streams":	[{
					"socket":	5,
					"start":	6.000145,
					"end":	7.000129,
					"seconds":	0.9999840259552002,
					"bytes":	624951296,
					"bits_per_second":	4999690233.2757711,
					"omitted":	false,
					"sender":	false
				}],
			"sum":	{
				"start":	6.000145,
				"end":	7.000129,
				"seconds":	0.9999840259552002,
				"bytes":	624951296,
				"bits_per_second":	4999690233.2757711,
				"omitted":	false,
				"sender":	false
			}
		}, {
			"streams":	[{
					"socket":	5,
					"start":	7.000129,
					"end":	8.00014,
					"seconds":	1.0000109672546387,
					"bytes":	624951296,
					"bits_per_second":	4999555536.60135,
					"omitted":	false,
					"sender":	false
				}],
			"sum":	{
				"start":	7.000129,
				"end":	8.00014,
				"seconds":	1.0000109672546387,
				"bytes":	624951296,
				"bits_per_second":	4999555536.60135,
				"omitted":	false,
				"sender":	false
			}
		}, {
			"streams":	[{
					"socket":	5,
					"start":	8.00014,
					"end":	9.000146,
					"seconds":	1.0000059604644775,
					"bytes":	625082368,
					"bits_per_second":	5000629137.9276581,
					"omitted":	false,
					"sender":	false
				}],
			"sum":	{
				"start":	8.00014,
				"end":	9.000146,
				"seconds":	1.0000059604644775,
				"bytes":	625082368,
				"bits_per_second":	5000629137.9276581,
				"omitted":	false,
				"sender":	false
			}
		}, {
			"streams":	[{
					"socket":	5,
					"start":	9.000146,
					"end":	10.000147,
					"seconds":	1.0000009536743164,
					"bytes":	625082368,
					"bits_per_second":	5000654175.0045481,
					"omitted":	false,
					"sender":	false
				}],
			"sum":	{
				"start":	9.000146,
				"end":	10.000147,
				"seconds":	1.0000009536743164,
				"bytes":	625082368,
				"bits_per_second":	5000654175.0045481,
				"omitted":	false,
				"sender":	false
			}
		}, {
			"streams":	[{
					"socket":	5,
					"start":	10.000147,
					"end":	11.000147,
					"seconds":	1,
					"bytes":	624951296,
					"bits_per_second":	4999610368,
					"omitted":	false,
					"sender":	false
				}],
			"sum":	{
				"start":	10.000147,
				"end":	11.000147,
				"seconds":	1,
				"bytes":	624951296,
				"bits_per_second":	4999610368,
				"omitted":	false,
				"sender":	false
			}
		}, {
			"streams":	[{
					"socket":	5,
					"start":	11.000147,
					"end":	12.000132,
					"seconds":	0.9999849796295166,
					"bytes":	624951296,
					"bits_per_second":	4999685465.1279869,
					"omitted":	false,
					"sender":	false
				}],
			"sum":	{
				"start":	11.000147,
				"end":	12.000132,
				"seconds":	0.9999849796295166,
				"bytes":	624951296,
				"bits_per_second":	4999685465.1279869,
				"omitted":	false,
				"sender":	false
			}
		}, {
			"streams":	[{
					"socket":	5,
					"start":	12.000132,
					"end":	13.00013,
					"seconds":	0.99999797344207764,
					"bytes":	624951296,
					"bits_per_second":	4999620500.0205336,
					"omitted":	false,
					"sender":	false
				}],
			"sum":	{
				"start":	12.000132,
				"end":	13.00013,
				"seconds":	0.99999797344207764,
				"bytes":	624951296,
				"bits_per_second":	4999620500.0205336,
				"omitted":	false,
				"sender":	false
			}
		}, {
			"streams":	[{
					"socket":	5,
					"start":	13.00013,
					"end":	14.000146,
					"seconds":	1.0000159740447998,
					"bytes":	625082368,
					"bits_per_second":	5000579064.5259981,
					"omitted":	false,
					"sender":	false
				}],
			"sum":	{
				"start":	13.00013,
				"end":	14.000146,
				"seconds":	1.0000159740447998,
				"bytes":	625082368,
				"bits_per_second":	5000579064.5259981,
				"omitted":	false,
				"sender":	false
			}
		}, {
			"streams":	[{
					"socket":	5,
					"start":	14.000146,
					"end":	15.000141,
					"seconds":	0.99999499320983887,
					"bytes":	624951296,
					"bits_per_second":	4999635400.1253309,
					"omitted":	false,
					"sender":	false
				}],
			"sum":	{
				"start":	14.000146,
				"end":	15.000141,
				"seconds":	0.99999499320983887,
				"bytes":	624951296,
				"bits_per_second":	4999635400.1253309,
				"omitted":	false,
				"sender":	false
			}
		}, {
			"streams":	[{
					"socket":	5,
					"start":	15.000141,
					"end":	16.000064,
					"seconds":	0.9999229907989502,
					"bytes":	625082368,
					"bits_per_second":	5001044070.4082766,
					"omitted":	false,
					"sender":	false
				}],
			"sum":	{
				"start":	15.000141,
				"end":	16.000064,
				"seconds":	0.9999229907989502,
				"bytes":	625082368,
				"bits_per_second":	5001044070.4082766,