{
	"start":	{
		"connected":	[{
				"socket":	5,
				"local_host":	"127.0.0.1",
				"local_port":	46742,
				"remote_host":	"127.0.0.1",
				"remote_port":	4040
			}],
		"version":	"iperf 3.7",
		"system_info":	"Linux sardar 5.8.0-53-generic #60~20.04.1-Ubuntu SMP Thu May 6 09:52:46 UTC 2021 x86_64",
		"timestamp":	{
			"time":	"Sun, 30 May 2021 05:29:53 GMT",
			"timesecs":	1622352593
		},
		"connecting_to":	{
			"host":	"127.0.0.1",
			"port":	4040
		},
		"cookie":	"e5ghtu7omvb7yrhnhzuewuryihdfp5fcgick",
		"tcp_mss_default":	32768,
		"target_bitrate":	5000000000,
		"sock_bufsize":	0,
		"sndbuf_actual":	16384,
		"rcvbuf_actual":	131072,
		"test_start":	{
			"protocol":	"TCP",
			"num_streams":	1,
			"blksize":	131072,
			"omit":	0,
			"duration":	20,
			"bytes":	0,
			"blocks":	0,
			"reverse":	0,
			"tos":	0
		}
	},
	"intervals":	[{
			"streams":	[{
					"socket":	5,
					"start":	0,
					"end":	1.000062,
					"seconds":	1.0000619888305664,
					"bytes":	186384384,
					"bits_per_second":	1490982647.7292724,
					"retransmits":	188,
					"snd_cwnd":	130966,
					"rtt":	11,
					"rttvar":	6,
					"pmtu":	65535,
					"omitted":	false,
					"sender":	true
				}],
			"sum":	{
				"start":	0,
				"end":	1.000062,
				"seconds":	1.0000619888305664,
				"bytes":	186384384,
				"bits_per_second":	1490982647.7292724,
				"retransmits":	188,
				"omitted":	false,
				"sender":	true
			}
		}, {
			"streams":	[{
					"socket":	5,
					"start":	1.000062,
					"end":	2.000218,
					"seconds":	1.000156044960022,
					"bytes":	84148224,
					"bits_per_second":	673080761.13953638,
					"retransmits":	90,
					"snd_cwnd":	196449,
					"rtt":	106,
					"rttvar":	52,
					"pmtu":	65535,
					"omitted":	false,
					"sender":	true
				}],
			"sum":	{
				"start":	1.000062,
				"end":	2.000218,
				"seconds":	1.000156044960022,
				"bytes":	84148224,
				"bits_per_second":	673080761.13953638,
				"retransmits":	90,
				"omitted":	false,
				"sender":	true
			}
		}, {
			"streams":	[{
					"socket":	5,
					"start":	2.000218,
					"end":	3.000061,
					"seconds":	0.99984300136566162,
					"bytes":	124125184,
					"bits_per_second":	993157396.35491073,
					"retransmits":	112,
					"snd_cwnd":	130966,
					"rtt":	22,
					"rttvar":	7,
					"pmtu":	65535,
					"omitted":	false,
					"sender":	true
				}],
			"sum":	{
				"start":	2.000218,
				"end":	3.000061,
				"seconds":	0.99984300136566162,
				"bytes":	124125184,
				"bits_per_second":	993157396.35491073,
				"retransmits":	112,
				"omitted":	false,
				"sender":	true
			}
		}, {
			"streams":	[{
					"socket":	5,
					"start":	3.000061,
					"end":	4.000061,
					"seconds":	1,
					"bytes":	71565312,
					"bits_per_second":	572522496,
					"retransmits":	74,
					"snd_cwnd":	130966,
					"rtt":	1491,
					"rttvar":	2789,
					"pmtu":	65535,
					"omitted":	false,
					"sender":	true
				}],
			"sum":	{
				"start":	3.000061,
				"end":	4.000061,
				"seconds":	1,
				"bytes":	71565312,
				"bits_per_second":	572522496,
				"retransmits":	74,
				"omitted":	false,
				"sender":	true
			}
		}, {
			"streams":	[{
					"socket":	5,
					"start":	4.000061,
					"end":	5.000061,
					"seconds":	1,
					"bytes":	59113472,
					"bits_per_second":	472907776,
					"retransmits":	49,
					"snd_cwnd":	130966,
					"rtt":	1719,
					"rttvar":	3390,
					"pmtu":	65535,
					"omitted":	false,
					"sender":	true
				}],
			"sum":	{
				"start":	4.000061,
				"end":	5.000061,
				"seconds":	1,
				"bytes":	59113472,
				"bits_per_second":	472907776,
				"retransmits":	49,
				"omitted":	false,
				"sender":	true
			}
		}, {
			"streams":	[{
					"socket":	5,
					"start":	5.000061,
					"end":	6.000062,
					"seconds":	1.0000009536743164,
					"bytes":	87425024,
					"bits_per_second":	699399525.0006361,
					"retransmits":	80,
					"snd_cwnd":	196449,
					"rtt":	1444,
					"rttvar":	2776,
					"pmtu":	65535,
					"omitted":	false,
					"sender":	true
				}],
			"sum":	{
				"start":	5.000061,
				"end":	6.000062,
				"seconds":	1.0000009536743164,
				"bytes":	87425024,
				"bits_per_second":	699399525.0006361,
				"retransmits":	80,
				"omitted":	false,
				"sender":	true
			}
		}, {
			"streams":	[{
					"socket":	5,
					"start":	6.000062,
					"end":	7.000061,
					"seconds":	0.99999898672103882,
					"bytes":	92143616,
					"bits_per_second":	737149674.93825686,
					"retransmits":	90,
					"snd_cwnd":	65483,
					"rtt":	22,
					"rttvar":	5,
					"pmtu":	65535,
					"omitted":	false,
					"sender":	true
				}],
			"sum":	{
				"start":	6.000062,
				"end":	7.000061,
				"seconds":	0.99999898672103882,
				"bytes":	92143616,
				"bits_per_second":	737149674.93825686,
				"retransmits":	90,
				"omitted":	false,
				"sender":	true
			}
		}, {
			"streams":	[{
					"socket":	5,
					"start":	7.000061,
					"end":	8.000061,
					"seconds":	1,
					"bytes":	42336256,
					"bits_per_second":	338690048,
					"retransmits":	45,
					"snd_cwnd":	130966,
					"rtt":	68,
					"rttvar":	79,
					"pmtu":	65535,
					"omitted":	false,
					"sender":	true
				}],
			"sum":	{
				"start":	7.000061,
				"end":	8.000061,
				"seconds":	1,
				"bytes":	42336256,
				"bits_per_second":	338690048,
				"retransmits":	45,
				"omitted":	false,
				"sender":	true
			}
		}, {
			"streams":	[{
					"socket":	5,
					"start":	8.000061,
					"end":	9.000061,
					"seconds":	1,
					"bytes":	79822848,
					"bits_per_second":	638582784,
					"retransmits":	83,
					"snd_cwnd":	130966,
					"rtt":	14,
					"rttvar":	7,
					"pmtu":	65535,
					"omitted":	false,
					"sender":	true
				}],
			"sum":	{
				"start":	8.000061,
				"end":	9.000061,
				"seconds":	1,
				"bytes":	79822848,
				"bits_per_second":	638582784,
				"retransmits":	83,
				"omitted":	false,
				"sender":	true
			}
		}, {
			"streams":	[{
					"socket":	5,
					"start":	9.000061,
					"end":	10.000062,
					"seconds":	1.0000009536743164,
					"bytes":	32768000,
					"bits_per_second":	262143750.00023842,
					"retransmits":	38,
					"snd_cwnd":	196449,
					"rtt":	136,
					"rttvar":	90,
					"pmtu":	65535,
					"omitted":	false,
					"sender":	true
				}],
			"sum":	{
				"start":	9.000061,
				"end":	10.000062,
				"seconds":	1.0000009536743164,
				"bytes":	32768000,
				"bits_per_second":	262143750.00023842,
				"retransmits":	38,
				"omitted":	false,
				"sender":	true
			}
		}, {
			"streams":	[{
					"socket":	5,
					"start":	10.000062,
					"end":	11.000061,
					"seconds":	0.99999898672103882,
					"bytes":	115736576,
					"bits_per_second":	925893546.18845069,
					"retransmits":	126,
					"snd_cwnd":	261932,
					"rtt":	1924,
					"rttvar":	3788,
					"pmtu":	65535,
					"omitted":	false,
					"sender":	true
				}],
			"sum":	{
				"start":	10.000062,
				"end":	11.000061,
				"seconds":	0.99999898672103882,
				"bytes":	115736576,
				"bits_per_second":	925893546.18845069,
				"retransmits":	126,
				"omitted":	false,
				"sender":	true
			}
		}, {
			"streams":	[{
					"socket":	5,
					"start":	11.000061,
					"end":	12.000059,
					"seconds":	0.99999797344207764,
					"bytes":	106299392,
					"bits_per_second":	850396859.37849247,
					"retransmits":	114,
					"snd_cwnd":	65483,
					"rtt":	24,
					"rttvar":	9,
					"pmtu":	65535,
					"omitted":	false,
					"sender":	true
				}],
			"sum":	{
				"start":	11.000061,
				"end":	12.000059,
				"seconds":	0.99999797344207764,
				"bytes":	106299392,
				"bits_per_second":	850396859.37849247,
				"retransmits":	114,
				"omitted":	false,
				"sender":	true
			}
		}, {
			"streams":	[{
					"socket":	5,
					"start":	12.000059,
					"end":	13.000062,
					"seconds":	1.0000029802322388,
					"bytes":	53346304,
					"bits_per_second":	426769160.1287905,
					"retransmits":	50,
					"snd_cwnd":	130966,
					"rtt":	22,
					"rttvar":	10,
					"pmtu":	65535,
					"omitted":	false,
					"sender":	true
				}],
			"sum":	{
				"start":	12.000059,
				"end":	13.000062,
				"seconds":	1.0000029802322388,
				"bytes":	53346304,