{
	"start":	{
		"connected":	[{
				"socket":	5,
				"local_host":	"127.0.0.1",
				"local_port":	46852,
				"remote_host":	"127.0.0.1",
				"remote_port":	4040
			}],
		"version":	"iperf 3.7",
		"system_info":	"Linux sardar 5.8.0-53-generic #60~20.04.1-Ubuntu SMP Thu May 6 09:52:46 UTC 2021 x86_64",
		"timestamp":	{
			"time":	"Sun, 30 May 2021 05:33:19 GMT",
			"timesecs":	1622352799
		},
		"connecting_to":	{
			"host":	"127.0.0.1",
			"port":	4040
		},
		"cookie":	"555gu4qhl2nzcmotm6v6ewgsnj4qx2vjum2b",
		"tcp_mss_default":	32768,
		"target_bitrate":	5000000000,
		"sock_bufsize":	0,
		"sndbuf_actual":	16384,
		"rcvbuf_actual":	131072,
		"test_start":	{
			"protocol":	"TCP",
			"num_streams":	1,
			"blksize":	131072,
			"omit":	0,
			"duration":	20,
			"bytes":	0,
			"blocks":	0,
			"reverse":	0,
			"tos":	0
		}
	},
	"intervals":	[{
			"streams":	[{
					"socket":	5,
					"start":	0,
					"end":	1.000128,
					"seconds":	1.0001280307769775,
					"bytes":	3276800,
					"bits_per_second":	26211044.179648288,
					"retransmits":	14,
					"snd_cwnd":	65483,
					"rtt":	1969,
					"rttvar":	3623,
					"pmtu":	65535,
					"omitted":	false,
					"sender":	true
				}],
			"sum":	{
				"start":	0,
				"end":	1.000128,
				"seconds":	1.0001280307769775,
				"bytes":	3276800,
				"bits_per_second":	26211044.179648288,
				"retransmits":	14,
				"omitted":	false,
				"sender":	true
			}
		}, {
			"streams":	[{
					"socket":	5,
					"start":	1.000128,
					"end":	2.000126,
					"seconds":	0.99999797344207764,
					"bytes":	524288,
					"bits_per_second":	4194312.5000172257,
					"retransmits":	2,
					"snd_cwnd":	261932,
					"rtt":	143653,
					"rttvar":	286533,
					"pmtu":	65535,
					"omitted":	false,
					"sender":	true
				}],
			"sum":	{
				"start":	1.000128,
				"end":	2.000126,
				"seconds":	0.99999797344207764,
				"bytes":	524288,
				"bits_per_second":	4194312.5000172257,
				"retransmits":	2,
				"omitted":	false,
				"sender":	true
			}
		}, {
			"streams":	[{
					"socket":	5,
					"start":	2.000126,
					"end":	3.000156,
					"seconds":	1.0000300407409668,
					"bytes":	0,
					"bits_per_second":	0,
					"retransmits":	0,
					"snd_cwnd":	261932,
					"rtt":	143653,
					"rttvar":	286533,
					"pmtu":	65535,
					"omitted":	false,
					"sender":	true
				}],
			"sum":	{
				"start":	2.000126,
				"end":	3.000156,
				"seconds":	1.0000300407409668,
				"bytes":	0,
				"bits_per_second":	0,
				"retransmits":	0,
				"omitted":	false,
				"sender":	true
			}
		}, {
			"streams":	[{
					"socket":	5,
					"start":	3.000156,
					"end":	4.000093,
					"seconds":	0.99993699789047241,
					"bytes":	786432,
					"bits_per_second":	6291852.3999740342,
					"retransmits":	5,
					"snd_cwnd":	130966,
					"rtt":	124804,
					"rttvar":	239811,
					"pmtu":	65535,
					"omitted":	false,
					"sender":	true
				}],
			"sum":	{
				"start":	3.000156,
				"end":	4.000093,
				"seconds":	0.99993699789047241,
				"bytes":	786432,
				"bits_per_second":	6291852.3999740342,
				"retransmits":	5,
				"omitted":	false,
				"sender":	true
			}
		}, {
			"streams":	[{
					"socket":	5,
					"start":	4.000093,
					"end":	5.00014,
					"seconds":	1.000046968460083,
					"bytes":	0,
					"bits_per_second":	0,
					"retransmits":	0,
					"snd_cwnd":	130966,
					"rtt":	124804,
					"rttvar":	239811,
					"pmtu":	65535,
					"omitted":	false,
					"sender":	true
				}],
			"sum":	{
				"start":	4.000093,
				"end":	5.00014,
				"seconds":	1.000046968460083,
				"bytes":	0,
				"bits_per_second":	0,
				"retransmits":	0,
				"omitted":	false,
				"sender":	true
			}
		}, {
			"streams":	[{
					"socket":	5,
					"start":	5.00014,
					"end":	6.000143,
					"seconds":	1.0000029802322388,
					"bytes":	0,
					"bits_per_second":	0,
					"retransmits":	0,
					"snd_cwnd":	130966,
					"rtt":	124804,
					"rttvar":	239811,
					"pmtu":	65535,
					"omitted":	false,
					"sender":	true
				}],
			"sum":	{
				"start":	5.00014,
				"end":	6.000143,
				"seconds":	1.0000029802322388,
				"bytes":	0,
				"bits_per_second":	0,
				"retransmits":	0,
				"omitted":	false,
				"sender":	true
			}
		}, {
			"streams":	[{
					"socket":	5,
					"start":	6.000143,
					"end":	7.000101,
					"seconds":	0.99995797872543335,
					"bytes":	0,
					"bits_per_second":	0,
					"retransmits":	1,
					"snd_cwnd":	65483,
					"rtt":	124804,
					"rttvar":	239811,
					"pmtu":	65535,
					"omitted":	false,
					"sender":	true
				}],
			"sum":	{
				"start":	6.000143,
				"end":	7.000101,
				"seconds":	0.99995797872543335,
				"bytes":	0,
				"bits_per_second":	0,
				"retransmits":	1,
				"omitted":	false,
				"sender":	true
			}
		}, {
			"streams":	[{
					"socket":	5,
					"start":	7.000101,
					"end":	8.000137,
					"seconds":	1.0000360012054443,
					"bytes":	0,
					"bits_per_second":	0,
					"retransmits":	0,
					"snd_cwnd":	65483,
					"rtt":	124804,
					"rttvar":	239811,
					"pmtu":	65535,
					"omitted":	false,
					"sender":	true
				}],
			"sum":	{
				"start":	7.000101,
				"end":	8.000137,
				"seconds":	1.0000360012054443,
				"bytes":	0,
				"bits_per_second":	0,
				"retransmits":	0,
				"omitted":	false,
				"sender":	true
			}
		}, {
			"streams":	[{
					"socket":	5,
					"start":	8.000137,
					"end":	9.000085,
					"seconds":	0.99994802474975586,
					"bytes":	0,
					"bits_per_second":	0,
					"retransmits":	0,
					"snd_cwnd":	65483,
					"rtt":	124804,
					"rttvar":	239811,
					"pmtu":	65535,
					"omitted":	false,
					"sender":	true
				}],
			"sum":	{
				"start":	8.000137,
				"end":	9.000085,
				"seconds":	0.99994802474975586,
				"bytes":	0,
				"bits_per_second":	0,
				"retransmits":	0,
				"omitted":	false,
				"sender":	true
			}
		}, {
			"streams":	[{
					"socket":	5,
					"start":	9.000085,
					"end":	10.000138,
					"seconds":	1.00005304813385,
					"bytes":	0,
					"bits_per_second":	0,
					"retransmits":	0,
					"snd_cwnd":	65483,
					"rtt":	124804,
					"rttvar":	239811,
					"pmtu":	65535,
					"omitted":	false,
					"sender":	true
				}],
			"sum":	{
				"start":	9.000085,
				"end":	10.000138,
				"seconds":	1.00005304813385,
				"bytes":	0,
				"bits_per_second":	0,
				"retransmits":	0,
				"omitted":	false,
				"sender":	true
			}
		}, {
			"streams":	[{
					"socket":	5,
					"start":	10.000138,
					"end":	11.000149,
					"seconds":	1.0000109672546387,
					"bytes":	0,
					"bits_per_second":	0,
					"retransmits":	0,
					"snd_cwnd":	65483,
					"rtt":	124804,
					"rttvar":	239811,
					"pmtu":	65535,
					"omitted":	false,
					"sender":	true
				}],
			"sum":	{
				"start":	10.000138,
				"end":	11.000149,
				"seconds":	1.0000109672546387,
				"bytes":	0,
				"bits_per_second":	0,
				"retransmits":	0,
				"omitted":	false,
				"sender":	true
			}
		}, {
			"streams":	[{
					"socket":	5,
					"start":	11.000149,
					"end":	12.00013,
					"seconds":	0.99998098611831665,
					"bytes":	0,
					"bits_per_second":	0,
					"retransmits":	1,
					"snd_cwnd":	65483,
					"rtt":	124804,
					"rttvar":	239811,
					"pmtu":	65535,
					"omitted":	false,
					"sender":	true
				}],
			"sum":	{
				"start":	11.000149,
				"end":	12.00013,
				"seconds":	0.99998098611831665,
				"bytes":	0,
				"bits_per_second":	0,
				"retransmits":	1,
				"omitted":	false,
				"sender":	true
			}
		}, {
			"streams":	[{
					"socket":	5,
					"start":	12.00013,
					"end":	13.000154,
					"seconds":	1.0000239610671997,
					"bytes":	0,
					"bits_per_second":	0,
					"retransmits":	0,
					"snd_cwnd":	65483,
					"rtt":	124804,
					"rttvar":	239811,
					"pmtu":	65535,
					"omitted":	false,
					"sender":	true
				}],
			"sum":	{
				"start":	12.00013,
				"end":	13.000154,
				"seconds":	1.0000239610671997,
				"bytes":	0,
				"bits_per_second":	0,
				"retransmits":	0,
				"omitted":	false,
				"sender":	true
			}
		}, {
			"streams":	[{
					"socket":	5,
					"start":	13.000154,
					"end":	14.000153,
					"seconds":	0.99999898672103882,