{
	"start":	{
		"connected":	[{
				"socket":	5,
				"local_host":	"127.0.0.1",
				"local_port":	4040,
				"remote_host":	"127.0.0.1",
				"remote_port":	46852
			}],
		"version":	"iperf 3.7",
		"system_info":	"Linux sardar 5.8.0-53-generic #60~20.04.1-Ubuntu SMP Thu May 6 09:52:46 UTC 2021 x86_64",
		"target_bitrate":	5000000000,
		"sock_bufsize":	0,
		"sndbuf_actual":	16384,
		"rcvbuf_actual":	131072,
		"timestamp":	{
			"time":	"Sun, 30 May 2021 05:33:19 GMT",
			"timesecs":	1622352799
		},
		"accepted_connection":	{
			"host":	"127.0.0.1",
			"port":	46850
		},
		"cookie":	"555gu4qhl2nzcmotm6v6ewgsnj4qx2vjum2b",
		"tcp_mss_default":	0,
		"target_bitrate":	5000000000,
		"test_start":	{
			"protocol":	"TCP",
			"num_streams":	1,
			"blksize":	131072,
			"omit":	0,
			"duration":	20,
			"bytes":	0,
			"blocks":	0,
			"reverse":	0,
			"tos":	0
		}
	},
	"intervals":	[{
			"streams":	[{
					"socket":	5,
					"start":	0,
					"end":	1.000675,
					"seconds":	1.0006749629974365,
					"bytes":	1736333,
					"bits_per_second":	13881294.639761647,
					"omitted":	false,
					"sender":	false
				}],
			"sum":	{
				"start":	0,
				"end":	1.000675,
				"seconds":	1.0006749629974365,
				"bytes":	1736333,
				"bits_per_second":	13881294.639761647,
				"omitted":	false,
				"sender":	false
			}
		}, {
			"streams":	[{
					"socket":	5,
					"start":	1.000675,
					"end":	2.000171,
					"seconds":	0.9994959831237793,
					"bytes":	261932,
					"bits_per_second":	2096512.6777708072,
					"omitted":	false,
					"sender":	false
				}],
			"sum":	{
				"start":	1.000675,
				"end":	2.000171,
				"seconds":	0.9994959831237793,
				"bytes":	261932,
				"bits_per_second":	2096512.6777708072,
				"omitted":	false,
				"sender":	false
			}
		}, {
			"streams":	[{
					"socket":	5,
					"start":	2.000171,
					"end":	3.001111,
					"seconds":	1.0009399652481079,
					"bytes":	0,
					"bits_per_second":	0,
					"omitted":	false,
					"sender":	false
				}],
			"sum":	{
				"start":	2.000171,
				"end":	3.001111,
				"seconds":	1.0009399652481079,
				"bytes":	0,
				"bits_per_second":	0,
				"omitted":	false,
				"sender":	false
			}
		}, {
			"streams":	[{
					"socket":	5,
					"start":	3.001111,
					"end":	4.000311,
					"seconds":	0.99919998645782471,
					"bytes":	982245,
					"bits_per_second":	7864251.5077052368,
					"omitted":	false,
					"sender":	false
				}],
			"sum":	{
				"start":	3.001111,
				"end":	4.000311,
				"seconds":	0.99919998645782471,
				"bytes":	982245,
				"bits_per_second":	7864251.5077052368,
				"omitted":	false,
				"sender":	false
			}
		}, {
			"streams":	[{
					"socket":	5,
					"start":	4.000311,
					"end":	5.000983,
					"seconds":	1.0006719827651978,
					"bytes":	0,
					"bits_per_second":	0,
					"omitted":	false,
					"sender":	false
				}],
			"sum":	{
				"start":	4.000311,
				"end":	5.000983,
				"seconds":	1.0006719827651978,
				"bytes":	0,
				"bits_per_second":	0,
				"omitted":	false,
				"sender":	false
			}
		}, {
			"streams":	[{
					"socket":	5,
					"start":	5.000983,
					"end":	6.001094,
					"seconds":	1.0001109838485718,
					"bytes":	0,
					"bits_per_second":	0,
					"omitted":	false,
					"sender":	false
				}],
			"sum":	{
				"start":	5.000983,
				"end":	6.001094,
				"seconds":	1.0001109838485718,
				"bytes":	0,
				"bits_per_second":	0,
				"omitted":	false,
				"sender":	false
			}
		}, {
			"streams":	[{
					"socket":	5,
					"start":	6.001094,
					"end":	7.000947,
					"seconds":	0.99985301494598389,
					"bytes":	0,
					"bits_per_second":	0,
					"omitted":	false,
					"sender":	false
				}],
			"sum":	{
				"start":	6.001094,
				"end":	7.000947,
				"seconds":	0.99985301494598389,
				"bytes":	0,
				"bits_per_second":	0,
				"omitted":	false,
				"sender":	false
			}
		}, {
			"streams":	[{
					"socket":	5,
					"start":	7.000947,
					"end":	8.001055,
					"seconds":	1.000108003616333,
					"bytes":	0,
					"bits_per_second":	0,
					"omitted":	false,
					"sender":	false
				}],
			"sum":	{
				"start":	7.000947,
				"end":	8.001055,
				"seconds":	1.000108003616333,
				"bytes":	0,
				"bits_per_second":	0,
				"omitted":	false,
				"sender":	false
			}
		}, {
			"streams":	[{
					"socket":	5,
					"start":	8.001055,
					"end":	9.000981,
					"seconds":	0.999925971031189,
					"bytes":	0,
					"bits_per_second":	0,
					"omitted":	false,
					"sender":	false
				}],
			"sum":	{
				"start":	8.001055,
				"end":	9.000981,
				"seconds":	0.999925971031189,
				"bytes":	0,
				"bits_per_second":	0,
				"omitted":	false,
				"sender":	false
			}
		}, {
			"streams":	[{
					"socket":	5,
					"start":	9.000981,
					"end":	10.000954,
					"seconds":	0.99997299909591675,
					"bytes":	0,
					"bits_per_second":	0,
					"omitted":	false,
					"sender":	false
				}],
			"sum":	{
				"start":	9.000981,
				"end":	10.000954,
				"seconds":	0.99997299909591675,
				"bytes":	0,
				"bits_per_second":	0,
				"omitted":	false,
				"sender":	false
			}
		}, {
			"streams":	[{
					"socket":	5,
					"start":	10.000954,
					"end":	11.000977,
					"seconds":	1.0000230073928833,
					"bytes":	0,
					"bits_per_second":	0,
					"omitted":	false,
					"sender":	false
				}],
			"sum":	{
				"start":	10.000954,
				"end":	11.000977,
				"seconds":	1.0000230073928833,
				"bytes":	0,
				"bits_per_second":	0,
				"omitted":	false,
				"sender":	false
			}
		}, {
			"streams":	[{
					"socket":	5,
					"start":	11.000977,
					"end":	12.001068,
					"seconds":	1.0000909566879272,
					"bytes":	0,
					"bits_per_second":	0,
					"omitted":	false,
					"sender":	false
				}],
			"sum":	{
				"start":	11.000977,
				"end":	12.001068,
				"seconds":	1.0000909566879272,
				"bytes":	0,
				"bits_per_second":	0,
				"omitted":	false,
				"sender":	false
			}
		}, {
			"streams":	[{
					"socket":	5,
					"start":	12.001068,
					"end":	13.001054,
					"seconds":	0.99998599290847778,
					"bytes":	0,
					"bits_per_second":	0,
					"omitted":	false,
					"sender":	false
				}],
			"sum":	{
				"start":	12.001068,
				"end":	13.001054,
				"seconds":	0.99998599290847778,
				"bytes":	0,
				"bits_per_second":	0,
				"omitted":	false,
				"sender":	false
			}
		}, {
			"streams":	[{
					"socket":	5,
					"start":	13.001054,
					"end":	14.000964,
					"seconds":	0.99990999698638916,
					"bytes":	0,
					"bits_per_second":	0,
					"omitted":	false,
					"sender":	false
				}],
			"sum":	{
				"start":	13.001054,
				"end":	14.000964,
				"seconds":	0.99990999698638916,
				"bytes":	0,
				"bits_per_second":	0,
				"omitted":	false,
				"sender":	false
			}
		}, {
			"streams":	[{
					"socket":	5,
					"start":	14.000964,
					"end":	15.000977,
					"seconds":	1.000012993812561,
					"bytes":	0,
					"bits_per_second":	0,
					"omitted":	false,
					"sender":	false
				}],
			"sum":	{
				"start":	14.000964,
				"end":	15.000977,
				"seconds":	1.000012993812561,
				"bytes":	0,
				"bits_per_second":	0,
				"omitted":	false,
				"sender":	false
			}
		}, {
			"streams":	[{
					"socket":	5,
					"start":	15.000977,
					"end":	16.000983,
					"seconds":	1.0000059604644775,
					"bytes":	0,
					"bits_per_second":	0,
					"omitted":	false,
					"sender":	false
				}],
			"sum":	{
				"start":	15.000977,
				"end":	16.000983,
				"seconds":	1.0000059604644775,
				"bytes":	0,
				"bits_per_second":	0,
				"omitted":	false,
				"sender":	false
			}
		}, {
			"streams":	[{
					"socket":	5,
					"start":	16.000983,
					"end":	17.000972,
					"seconds":	0.99998897314071655,
					"bytes":	0,
					"bits_per_second":	0,
					"omitted":	false,
					"sender":	false
				}],
			"sum":	{
				"start":	16.000983,
				"end":	17.000972,
				"seconds":	0.99998897314071655,
				"bytes":	0,
				"bits_per_second":	0,
				"omitted":	false,
				"sender":	false
			}
		}, {
			"streams":	[{
					"socket":	5,
					"start":	17.000972,
					"end":	18.000973,
					"seconds":	1.0000009536743164,
					"bytes":	0,
					"bits_per_second":	0,