{
	"start":	{
		"connected":	[{
				"socket":	5,
				"local_host":	"127.0.0.1",
				"local_port":	42858,
				"remote_host":	"127.0.0.1",
				"remote_port":	4040
			}],
		"version":	"iperf 3.7",
		"system_info":	"Linux sardar 5.8.0-53-generic #60~20.04.1-Ubuntu SMP Thu May 6 09:52:46 UTC 2021 x86_64",
		"timestamp":	{
			"time":	"Sun, 30 May 2021 06:17:19 GMT",
			"timesecs":	1622355439
		},
		"connecting_to":	{
			"host":	"127.0.0.1",
			"port":	4040
		},
		"cookie":	"xxvtkzv25rrxclrmslh4ufylygqmdtit7wab",
		"sock_bufsize":	0,
		"sndbuf_actual":	212992,
		"rcvbuf_actual":	212992,
		"test_start":	{
			"protocol":	"UDP",
			"num_streams":	1,
			"blksize":	32741,
			"omit":	0,
			"duration":	10,
			"bytes":	0,
			"blocks":	0,
			"reverse":	0,
			"tos":	0
		}
	},
	"intervals":	[{
			"streams":	[{
					"socket":	5,
					"start":	0,
					"end":	1.000066,
					"seconds":	1.0000660419464111,
					"bytes":	624763762,
					"bits_per_second":	4997780032.8788939,
					"packets":	19082,
					"omitted":	false,
					"sender":	true
				}],
			"sum":	{
				"start":	0,
				"end":	1.000066,
				"seconds":	1.0000660419464111,
				"bytes":	624763762,
				"bits_per_second":	4997780032.8788939,
				"packets":	19082,
				"omitted":	false,
				"sender":	true
			}
		}, {
			"streams":	[{
					"socket":	5,
					"start":	1.000066,
					"end":	2.000071,
					"seconds":	1.0000050067901611,
					"bytes":	624992949,
					"bits_per_second":	4999918558.456955,
					"packets":	19089,
					"omitted":	false,
					"sender":	true
				}],
			"sum":	{
				"start":	1.000066,
				"end":	2.000071,
				"seconds":	1.0000050067901611,
				"bytes":	624992949,
				"bits_per_second":	4999918558.456955,
				"packets":	19089,
				"omitted":	false,
				"sender":	true
			}
		}, {
			"streams":	[{
					"socket":	5,
					"start":	2.000071,
					"end":	3.000071,
					"seconds":	1,
					"bytes":	624960208,
					"bits_per_second":	4999681664,
					"packets":	19088,
					"omitted":	false,
					"sender":	true
				}],
			"sum":	{
				"start":	2.000071,
				"end":	3.000071,
				"seconds":	1,
				"bytes":	624960208,
				"bits_per_second":	4999681664,
				"packets":	19088,
				"omitted":	false,
				"sender":	true
			}
		}, {
			"streams":	[{
					"socket":	5,
					"start":	3.000071,
					"end":	4.000014,
					"seconds":	0.99994301795959473,
					"bytes":	625254877,
					"bits_per_second":	5002324058.631629,
					"packets":	19097,
					"omitted":	false,
					"sender":	true
				}],
			"sum":	{
				"start":	3.000071,
				"end":	4.000014,
				"seconds":	0.99994301795959473,
				"bytes":	625254877,
				"bits_per_second":	5002324058.631629,
				"packets":	19097,
				"omitted":	false,
				"sender":	true
			}
		}, {
			"streams":	[{
					"socket":	5,
					"start":	4.000014,
					"end":	5.000027,
					"seconds":	1.000012993812561,
					"bytes":	624731021,
					"bits_per_second":	4997783227.741518,
					"packets":	19081,
					"omitted":	false,
					"sender":	true
				}],
			"sum":	{
				"start":	4.000014,
				"end":	5.000027,
				"seconds":	1.000012993812561,
				"bytes":	624731021,
				"bits_per_second":	4997783227.741518,
				"packets":	19081,
				"omitted":	false,
				"sender":	true
			}
		}, {
			"streams":	[{
					"socket":	5,
					"start":	5.000027,
					"end":	6.000068,
					"seconds":	1.0000410079956055,
					"bytes":	624992949,
					"bits_per_second":	4999738562.7429905,
					"packets":	19089,
					"omitted":	false,
					"sender":	true
				}],
			"sum":	{
				"start":	5.000027,
				"end":	6.000068,
				"seconds":	1.0000410079956055,
				"bytes":	624992949,
				"bits_per_second":	4999738562.7429905,
				"packets":	19089,
				"omitted":	false,
				"sender":	true
			}
		}, {
			"streams":	[{
					"socket":	5,
					"start":	6.000068,
					"end":	7.000065,
					"seconds":	0.99999701976776123,
					"bytes":	625123913,
					"bits_per_second":	5001006208.1599274,
					"packets":	19093,
					"omitted":	false,
					"sender":	true
				}],
			"sum":	{
				"start":	6.000068,
				"end":	7.000065,
				"seconds":	0.99999701976776123,
				"bytes":	625123913,
				"bits_per_second":	5001006208.1599274,
				"packets":	19093,
				"omitted":	false,
				"sender":	true
			}
		}, {
			"streams":	[{
					"socket":	5,
					"start":	7.000065,
					"end":	8.000071,
					"seconds":	1.0000059604644775,
					"bytes":	624927467,
					"bits_per_second":	4999389937.3138695,
					"packets":	19087,
					"omitted":	false,
					"sender":	true
				}],
			"sum":	{
				"start":	7.000065,
				"end":	8.000071,
				"seconds":	1.0000059604644775,
				"bytes":	624927467,
				"bits_per_second":	4999389937.3138695,
				"packets":	19087,
				"omitted":	false,
				"sender":	true
			}
		}, {
			"streams":	[{
					"socket":	5,
					"start":	8.000071,
					"end":	9.00007,
					"seconds":	0.99999898672103882,
					"bytes":	625156654,
					"bits_per_second":	5001258299.6698141,
					"packets":	19094,
					"omitted":	false,
					"sender":	true
				}],
			"sum":	{
				"start":	8.000071,
				"end":	9.00007,
				"seconds":	0.99999898672103882,
				"bytes":	625156654,
				"bits_per_second":	5001258299.6698141,
				"packets":	19094,
				"omitted":	false,
				"sender":	true
			}
		}, {
			"streams":	[{
					"socket":	5,
					"start":	9.00007,
					"end":	10.00008,
					"seconds":	1.0000100135803223,
					"bytes":	624861985,
					"bits_per_second":	4998845823.6558266,
					"packets":	19085,
					"omitted":	false,
					"sender":	true
				}],
			"sum":	{
				"start":	9.00007,
				"end":	10.00008,
				"seconds":	1.0000100135803223,
				"bytes":	624861985,
				"bits_per_second":	4998845823.6558266,
				"packets":	19085,
				"omitted":	false,
				"sender":	true
			}
		}],
	"end":	{
		"streams":	[{
				"udp":	{
					"socket":	5,
					"start":	0,
					"end":	10.00008,
					"seconds":	10.00008,
					"bytes":	6249765785,
					"bits_per_second":	4999772629.8189611,
					"jitter_ms":	0.0041457317374616887,
					"lost_packets":	39915,
					"packets":	190885,
					"lost_percent":	20.910495848285617,
					"out_of_order":	0,
					"sender":	true
				}
			}],
		"sum":	{
			"start":	0,
			"end":	10.414037,
			"seconds":	10.414037,
			"bytes":	6249765785,
			"bits_per_second":	4999772629.8189611,
			"jitter_ms":	0.0041457317374616887,
			"lost_packets":	39915,
			"packets":	190885,
			"lost_percent":	20.910495848285617,
			"sender":	true
		},
		"cpu_utilization_percent":	{
			"host_total":	44.685725790331347,
			"host_user":	7.6238349947282611,
			"host_system":	37.061871602962611,
			"remote_total":	19.943237780332819,
			"remote_user":	2.3704691387844612,
			"remote_system":	17.572750507812604
		}
	}
}
